DATE,YEAR,DAY,MONTH,CODE,RAW DATE,VALUE (Cabe√ßa)
1975-01-01,1975,1,1,ABATE12_ABQUVA12,1975-01-01T00:00:00-02:00,177.084
1975-02-01,1975,1,2,ABATE12_ABQUVA12,1975-02-01T00:00:00-02:00,170.787
1975-03-01,1975,1,3,ABATE12_ABQUVA12,1975-03-01T00:00:00-03:00,177.973
1975-04-01,1975,1,4,ABATE12_ABQUVA12,1975-04-01T00:00:00-03:00,220.003
1975-05-01,1975,1,5,ABATE12_ABQUVA12,1975-05-01T00:00:00-03:00,237.1
1975-06-01,1975,1,6,ABATE12_ABQUVA12,1975-06-01T00:00:00-03:00,205.948
1975-07-01,1975,1,7,ABATE12_ABQUVA12,1975-07-01T00:00:00-03:00,192.589
1975-08-01,1975,1,8,ABATE12_ABQUVA12,1975-08-01T00:00:00-03:00,169.17
1975-09-01,1975,1,9,ABATE12_ABQUVA12,1975-09-01T00:00:00-03:00,140.103
1975-10-01,1975,1,10,ABATE12_ABQUVA12,1975-10-01T00:00:00-03:00,146.766
1975-11-01,1975,1,11,ABATE12_ABQUVA12,1975-11-01T00:00:00-03:00,157.748
1975-12-01,1975,1,12,ABATE12_ABQUVA12,1975-12-01T00:00:00-02:00,185.979
1976-01-01,1976,1,1,ABATE12_ABQUVA12,1976-01-01T00:00:00-02:00,240.991
1976-02-01,1976,1,2,ABATE12_ABQUVA12,1976-02-01T00:00:00-02:00,265.243
1976-03-01,1976,1,3,ABATE12_ABQUVA12,1976-03-01T00:00:00-03:00,318.84
1976-04-01,1976,1,4,ABATE12_ABQUVA12,1976-04-01T00:00:00-03:00,307.056
1976-05-01,1976,1,5,ABATE12_ABQUVA12,1976-05-01T00:00:00-03:00,342.939
1976-06-01,1976,1,6,ABATE12_ABQUVA12,1976-06-01T00:00:00-03:00,362.59
1976-07-01,1976,1,7,ABATE12_ABQUVA12,1976-07-01T00:00:00-03:00,384.427
1976-08-01,1976,1,8,ABATE12_ABQUVA12,1976-08-01T00:00:00-03:00,309.581
1976-09-01,1976,1,9,ABATE12_ABQUVA12,1976-09-01T00:00:00-03:00,242.261
1976-10-01,1976,1,10,ABATE12_ABQUVA12,1976-10-01T00:00:00-03:00,252.079
1976-11-01,1976,1,11,ABATE12_ABQUVA12,1976-11-01T00:00:00-03:00,244.892
1976-12-01,1976,1,12,ABATE12_ABQUVA12,1976-12-01T00:00:00-02:00,307.447
1977-01-01,1977,1,1,ABATE12_ABQUVA12,1977-01-01T00:00:00-02:00,372.159
1977-02-01,1977,1,2,ABATE12_ABQUVA12,1977-02-01T00:00:00-02:00,400.593
1977-03-01,1977,1,3,ABATE12_ABQUVA12,1977-03-01T00:00:00-03:00,456.202
1977-04-01,1977,1,4,ABATE12_ABQUVA12,1977-04-01T00:00:00-03:00,456.583
1977-05-01,1977,1,5,ABATE12_ABQUVA12,1977-05-01T00:00:00-03:00,503.891
1977-06-01,1977,1,6,ABATE12_ABQUVA12,1977-06-01T00:00:00-03:00,434.154
1977-07-01,1977,1,7,ABATE12_ABQUVA12,1977-07-01T00:00:00-03:00,411.69
1977-08-01,1977,1,8,ABATE12_ABQUVA12,1977-08-01T00:00:00-03:00,379.899
1977-09-01,1977,1,9,ABATE12_ABQUVA12,1977-09-01T00:00:00-03:00,320.641
1977-10-01,1977,1,10,ABATE12_ABQUVA12,1977-10-01T00:00:00-03:00,297.272
1977-11-01,1977,1,11,ABATE12_ABQUVA12,1977-11-01T00:00:00-03:00,330.667
1977-12-01,1977,1,12,ABATE12_ABQUVA12,1977-12-01T00:00:00-02:00,371.726
1978-01-01,1978,1,1,ABATE12_ABQUVA12,1978-01-01T00:00:00-02:00,381.799
1978-02-01,1978,1,2,ABATE12_ABQUVA12,1978-02-01T00:00:00-02:00,364.453
1978-03-01,1978,1,3,ABATE12_ABQUVA12,1978-03-01T00:00:00-03:00,373.844
1978-04-01,1978,1,4,ABATE12_ABQUVA12,1978-04-01T00:00:00-03:00,373.956
1978-05-01,1978,1,5,ABATE12_ABQUVA12,1978-05-01T00:00:00-03:00,370.172
1978-06-01,1978,1,6,ABATE12_ABQUVA12,1978-06-01T00:00:00-03:00,321.52
1978-07-01,1978,1,7,ABATE12_ABQUVA12,1978-07-01T00:00:00-03:00,284.824
1978-08-01,1978,1,8,ABATE12_ABQUVA12,1978-08-01T00:00:00-03:00,215.938
1978-09-01,1978,1,9,ABATE12_ABQUVA12,1978-09-01T00:00:00-03:00,209.705
1978-10-01,1978,1,10,ABATE12_ABQUVA12,1978-10-01T00:00:00-03:00,210.231
1978-11-01,1978,1,11,ABATE12_ABQUVA12,1978-11-01T00:00:00-03:00,221.361
1978-12-01,1978,1,12,ABATE12_ABQUVA12,1978-12-01T00:00:00-02:00,264.749
1979-01-01,1979,1,1,ABATE12_ABQUVA12,1979-01-01T00:00:00-02:00,313.091
1979-02-01,1979,1,2,ABATE12_ABQUVA12,1979-02-01T00:00:00-02:00,284.963
1979-03-01,1979,1,3,ABATE12_ABQUVA12,1979-03-01T00:00:00-03:00,324.195
1979-04-01,1979,1,4,ABATE12_ABQUVA12,1979-04-01T00:00:00-03:00,263.242
1979-05-01,1979,1,5,ABATE12_ABQUVA12,1979-05-01T00:00:00-03:00,263.817
1979-06-01,1979,1,6,ABATE12_ABQUVA12,1979-06-01T00:00:00-03:00,214.379
1979-07-01,1979,1,7,ABATE12_ABQUVA12,1979-07-01T00:00:00-03:00,201.524
1979-08-01,1979,1,8,ABATE12_ABQUVA12,1979-08-01T00:00:00-03:00,188.682
1979-09-01,1979,1,9,ABATE12_ABQUVA12,1979-09-01T00:00:00-03:00,159.973
1979-10-01,1979,1,10,ABATE12_ABQUVA12,1979-10-01T00:00:00-03:00,176.208
1979-11-01,1979,1,11,ABATE12_ABQUVA12,1979-11-01T00:00:00-03:00,187.133
1979-12-01,1979,1,12,ABATE12_ABQUVA12,1979-12-01T00:00:00-02:00,196.452
1980-01-01,1980,1,1,ABATE12_ABQUVA12,1980-01-01T00:00:00-02:00,228.584
1980-02-01,1980,1,2,ABATE12_ABQUVA12,1980-02-01T00:00:00-02:00,212.111
1980-03-01,1980,1,3,ABATE12_ABQUVA12,1980-03-01T00:00:00-03:00,217.353
1980-04-01,1980,1,4,ABATE12_ABQUVA12,1980-04-01T00:00:00-03:00,214.813
1980-05-01,1980,1,5,ABATE12_ABQUVA12,1980-05-01T00:00:00-03:00,227.98
1980-06-01,1980,1,6,ABATE12_ABQUVA12,1980-06-01T00:00:00-03:00,192.045
1980-07-01,1980,1,7,ABATE12_ABQUVA12,1980-07-01T00:00:00-03:00,196.254
1980-08-01,1980,1,8,ABATE12_ABQUVA12,1980-08-01T00:00:00-03:00,157.04
1980-09-01,1980,1,9,ABATE12_ABQUVA12,1980-09-01T00:00:00-03:00,153.148
1980-10-01,1980,1,10,ABATE12_ABQUVA12,1980-10-01T00:00:00-03:00,153.804
1980-11-01,1980,1,11,ABATE12_ABQUVA12,1980-11-01T00:00:00-03:00,143.515
1980-12-01,1980,1,12,ABATE12_ABQUVA12,1980-12-01T00:00:00-02:00,176.464
1981-01-01,1981,1,1,ABATE12_ABQUVA12,1981-01-01T00:00:00-02:00,193.006
1981-02-01,1981,1,2,ABATE12_ABQUVA12,1981-02-01T00:00:00-02:00,211.404
1981-03-01,1981,1,3,ABATE12_ABQUVA12,1981-03-01T00:00:00-03:00,256.126
1981-04-01,1981,1,4,ABATE12_ABQUVA12,1981-04-01T00:00:00-03:00,237.34
1981-05-01,1981,1,5,ABATE12_ABQUVA12,1981-05-01T00:00:00-03:00,237.785
1981-06-01,1981,1,6,ABATE12_ABQUVA12,1981-06-01T00:00:00-03:00,233.794
1981-07-01,1981,1,7,ABATE12_ABQUVA12,1981-07-01T00:00:00-03:00,256.166
1981-08-01,1981,1,8,ABATE12_ABQUVA12,1981-08-01T00:00:00-03:00,233.775
1981-09-01,1981,1,9,ABATE12_ABQUVA12,1981-09-01T00:00:00-03:00,206.838
1981-10-01,1981,1,10,ABATE12_ABQUVA12,1981-10-01T00:00:00-03:00,187.208
1981-11-01,1981,1,11,ABATE12_ABQUVA12,1981-11-01T00:00:00-03:00,195.519
1981-12-01,1981,1,12,ABATE12_ABQUVA12,1981-12-01T00:00:00-02:00,260.404
1982-01-01,1982,1,1,ABATE12_ABQUVA12,1982-01-01T00:00:00-02:00,309.763
1982-02-01,1982,1,2,ABATE12_ABQUVA12,1982-02-01T00:00:00-02:00,332.122
1982-03-01,1982,1,3,ABATE12_ABQUVA12,1982-03-01T00:00:00-03:00,395.363
1982-04-01,1982,1,4,ABATE12_ABQUVA12,1982-04-01T00:00:00-03:00,374.453
1982-05-01,1982,1,5,ABATE12_ABQUVA12,1982-05-01T00:00:00-03:00,411.011
1982-06-01,1982,1,6,ABATE12_ABQUVA12,1982-06-01T00:00:00-03:00,382.54
1982-07-01,1982,1,7,ABATE12_ABQUVA12,1982-07-01T00:00:00-03:00,371.38
1982-08-01,1982,1,8,ABATE12_ABQUVA12,1982-08-01T00:00:00-03:00,319.83
1982-09-01,1982,1,9,ABATE12_ABQUVA12,1982-09-01T00:00:00-03:00,276.503
1982-10-01,1982,1,10,ABATE12_ABQUVA12,1982-10-01T00:00:00-03:00,229.214
1982-11-01,1982,1,11,ABATE12_ABQUVA12,1982-11-01T00:00:00-03:00,253.805
1982-12-01,1982,1,12,ABATE12_ABQUVA12,1982-12-01T00:00:00-02:00,362.491
1983-01-01,1983,1,1,ABATE12_ABQUVA12,1983-01-01T00:00:00-02:00,340.98
1983-02-01,1983,1,2,ABATE12_ABQUVA12,1983-02-01T00:00:00-02:00,348.87
1983-03-01,1983,1,3,ABATE12_ABQUVA12,1983-03-01T00:00:00-03:00,398.51
1983-04-01,1983,1,4,ABATE12_ABQUVA12,1983-04-01T00:00:00-03:00,366.644
1983-05-01,1983,1,5,ABATE12_ABQUVA12,1983-05-01T00:00:00-03:00,397.619
1983-06-01,1983,1,6,ABATE12_ABQUVA12,1983-06-01T00:00:00-03:00,347.865
1983-07-01,1983,1,7,ABATE12_ABQUVA12,1983-07-01T00:00:00-03:00,333.932
1983-08-01,1983,1,8,ABATE12_ABQUVA12,1983-08-01T00:00:00-03:00,299.58
1983-09-01,1983,1,9,ABATE12_ABQUVA12,1983-09-01T00:00:00-03:00,241.492
1983-10-01,1983,1,10,ABATE12_ABQUVA12,1983-10-01T00:00:00-03:00,210.379
1983-11-01,1983,1,11,ABATE12_ABQUVA12,1983-11-01T00:00:00-03:00,242.806
1983-12-01,1983,1,12,ABATE12_ABQUVA12,1983-12-01T00:00:00-02:00,302.154
1984-01-01,1984,1,1,ABATE12_ABQUVA12,1984-01-01T00:00:00-02:00,393.444
1984-02-01,1984,1,2,ABATE12_ABQUVA12,1984-02-01T00:00:00-02:00,374.832
1984-03-01,1984,1,3,ABATE12_ABQUVA12,1984-03-01T00:00:00-03:00,380.122
1984-04-01,1984,1,4,ABATE12_ABQUVA12,1984-04-01T00:00:00-03:00,319.16
1984-05-01,1984,1,5,ABATE12_ABQUVA12,1984-05-01T00:00:00-03:00,368.204
1984-06-01,1984,1,6,ABATE12_ABQUVA12,1984-06-01T00:00:00-03:00,322.972
1984-07-01,1984,1,7,ABATE12_ABQUVA12,1984-07-01T00:00:00-03:00,286.64
1984-08-01,1984,1,8,ABATE12_ABQUVA12,1984-08-01T00:00:00-03:00,263.657
1984-09-01,1984,1,9,ABATE12_ABQUVA12,1984-09-01T00:00:00-03:00,209.262
1984-10-01,1984,1,10,ABATE12_ABQUVA12,1984-10-01T00:00:00-03:00,222.558
1984-11-01,1984,1,11,ABATE12_ABQUVA12,1984-11-01T00:00:00-03:00,246.879
1984-12-01,1984,1,12,ABATE12_ABQUVA12,1984-12-01T00:00:00-02:00,292.535
1985-01-01,1985,1,1,ABATE12_ABQUVA12,1985-01-01T00:00:00-02:00,313.798
1985-02-01,1985,1,2,ABATE12_ABQUVA12,1985-02-01T00:00:00-02:00,287.341
1985-03-01,1985,1,3,ABATE12_ABQUVA12,1985-03-01T00:00:00-03:00,313.021
1985-04-01,1985,1,4,ABATE12_ABQUVA12,1985-04-01T00:00:00-03:00,303.988
1985-05-01,1985,1,5,ABATE12_ABQUVA12,1985-05-01T00:00:00-03:00,310.747
1985-06-01,1985,1,6,ABATE12_ABQUVA12,1985-06-01T00:00:00-03:00,287.239
1985-07-01,1985,1,7,ABATE12_ABQUVA12,1985-07-01T00:00:00-03:00,297.033
1985-08-01,1985,1,8,ABATE12_ABQUVA12,1985-08-01T00:00:00-03:00,261.42
1985-09-01,1985,1,9,ABATE12_ABQUVA12,1985-09-01T00:00:00-03:00,231.54
1985-10-01,1985,1,10,ABATE12_ABQUVA12,1985-10-01T00:00:00-03:00,249.351
1985-11-01,1985,1,11,ABATE12_ABQUVA12,1985-11-01T00:00:00-03:00,263.77
1985-12-01,1985,1,12,ABATE12_ABQUVA12,1985-12-01T00:00:00-02:00,296.062
1986-01-01,1986,1,1,ABATE12_ABQUVA12,1986-01-01T00:00:00-02:00,341.185
1986-02-01,1986,1,2,ABATE12_ABQUVA12,1986-02-01T00:00:00-02:00,355.428
1986-03-01,1986,1,3,ABATE12_ABQUVA12,1986-03-01T00:00:00-03:00,354.691
1986-04-01,1986,1,4,ABATE12_ABQUVA12,1986-04-01T00:00:00-03:00,326.94
1986-05-01,1986,1,5,ABATE12_ABQUVA12,1986-05-01T00:00:00-03:00,272.964
1986-06-01,1986,1,6,ABATE12_ABQUVA12,1986-06-01T00:00:00-03:00,214.578
1986-07-01,1986,1,7,ABATE12_ABQUVA12,1986-07-01T00:00:00-03:00,150.05
1986-08-01,1986,1,8,ABATE12_ABQUVA12,1986-08-01T00:00:00-03:00,119.965
1986-09-01,1986,1,9,ABATE12_ABQUVA12,1986-09-01T00:00:00-03:00,90.217
1986-10-01,1986,1,10,ABATE12_ABQUVA12,1986-10-01T00:00:00-03:00,112.713
1986-11-01,1986,1,11,ABATE12_ABQUVA12,1986-11-01T00:00:00-03:00,115.823
1986-12-01,1986,1,12,ABATE12_ABQUVA12,1986-12-01T00:00:00-02:00,137.353
1987-01-01,1987,1,1,ABATE12_ABQUVA12,1987-01-01T00:00:00-02:00,164.329
1987-02-01,1987,1,2,ABATE12_ABQUVA12,1987-02-01T00:00:00-02:00,201.233
1987-03-01,1987,1,3,ABATE12_ABQUVA12,1987-03-01T00:00:00-03:00,272.854
1987-04-01,1987,1,4,ABATE12_ABQUVA12,1987-04-01T00:00:00-03:00,284.234
1987-05-01,1987,1,5,ABATE12_ABQUVA12,1987-05-01T00:00:00-03:00,301.653
1987-06-01,1987,1,6,ABATE12_ABQUVA12,1987-06-01T00:00:00-03:00,318.127
1987-07-01,1987,1,7,ABATE12_ABQUVA12,1987-07-01T00:00:00-03:00,321.759
1987-08-01,1987,1,8,ABATE12_ABQUVA12,1987-08-01T00:00:00-03:00,290.602
1987-09-01,1987,1,9,ABATE12_ABQUVA12,1987-09-01T00:00:00-03:00,256.296
1987-10-01,1987,1,10,ABATE12_ABQUVA12,1987-10-01T00:00:00-03:00,252.911
1987-11-01,1987,1,11,ABATE12_ABQUVA12,1987-11-01T00:00:00-03:00,273.462
1987-12-01,1987,1,12,ABATE12_ABQUVA12,1987-12-01T00:00:00-02:00,285.801
1988-01-01,1988,1,1,ABATE12_ABQUVA12,1988-01-01T00:00:00-02:00,341.8
1988-02-01,1988,1,2,ABATE12_ABQUVA12,1988-02-01T00:00:00-02:00,365.382
1988-03-01,1988,1,3,ABATE12_ABQUVA12,1988-03-01T00:00:00-03:00,435.33
1988-04-01,1988,1,4,ABATE12_ABQUVA12,1988-04-01T00:00:00-03:00,446.995
1988-05-01,1988,1,5,ABATE12_ABQUVA12,1988-05-01T00:00:00-03:00,458.523
1988-06-01,1988,1,6,ABATE12_ABQUVA12,1988-06-01T00:00:00-03:00,448.263
1988-07-01,1988,1,7,ABATE12_ABQUVA12,1988-07-01T00:00:00-03:00,419.702
1988-08-01,1988,1,8,ABATE12_ABQUVA12,1988-08-01T00:00:00-03:00,406.466
1988-09-01,1988,1,9,ABATE12_ABQUVA12,1988-09-01T00:00:00-03:00,327.675
1988-10-01,1988,1,10,ABATE12_ABQUVA12,1988-10-01T00:00:00-03:00,280.454
1988-11-01,1988,1,11,ABATE12_ABQUVA12,1988-11-01T00:00:00-03:00,311.762
1988-12-01,1988,1,12,ABATE12_ABQUVA12,1988-12-01T00:00:00-02:00,413.568
1989-01-01,1989,1,1,ABATE12_ABQUVA12,1989-01-01T00:00:00-02:00,470.719
1989-02-01,1989,1,2,ABATE12_ABQUVA12,1989-02-01T00:00:00-02:00,499.133
1989-03-01,1989,1,3,ABATE12_ABQUVA12,1989-03-01T00:00:00-03:00,508.835
1989-04-01,1989,1,4,ABATE12_ABQUVA12,1989-04-01T00:00:00-03:00,458.941
1989-05-01,1989,1,5,ABATE12_ABQUVA12,1989-05-01T00:00:00-03:00,419.085
1989-06-01,1989,1,6,ABATE12_ABQUVA12,1989-06-01T00:00:00-03:00,420.271
1989-07-01,1989,1,7,ABATE12_ABQUVA12,1989-07-01T00:00:00-03:00,402.423
1989-08-01,1989,1,8,ABATE12_ABQUVA12,1989-08-01T00:00:00-03:00,403.845
1989-09-01,1989,1,9,ABATE12_ABQUVA12,1989-09-01T00:00:00-03:00,356.072
1989-10-01,1989,1,10,ABATE12_ABQUVA12,1989-10-01T00:00:00-03:00,353.966
1989-11-01,1989,1,11,ABATE12_ABQUVA12,1989-11-01T00:00:00-03:00,392.591
1989-12-01,1989,1,12,ABATE12_ABQUVA12,1989-12-01T00:00:00-02:00,420.915
1990-01-01,1990,1,1,ABATE12_ABQUVA12,1990-01-01T00:00:00-02:00,416.232
1990-02-01,1990,1,2,ABATE12_ABQUVA12,1990-02-01T00:00:00-02:00,404.002
1990-03-01,1990,1,3,ABATE12_ABQUVA12,1990-03-01T00:00:00-03:00,389.194
1990-04-01,1990,1,4,ABATE12_ABQUVA12,1990-04-01T00:00:00-03:00,398.089
1990-05-01,1990,1,5,ABATE12_ABQUVA12,1990-05-01T00:00:00-03:00,393.655
1990-06-01,1990,1,6,ABATE12_ABQUVA12,1990-06-01T00:00:00-03:00,350.351
1990-07-01,1990,1,7,ABATE12_ABQUVA12,1990-07-01T00:00:00-03:00,315.151
1990-08-01,1990,1,8,ABATE12_ABQUVA12,1990-08-01T00:00:00-03:00,357.896
1990-09-01,1990,1,9,ABATE12_ABQUVA12,1990-09-01T00:00:00-03:00,308.953
1990-10-01,1990,1,10,ABATE12_ABQUVA12,1990-10-01T00:00:00-03:00,336.664
1990-11-01,1990,1,11,ABATE12_ABQUVA12,1990-11-01T00:00:00-03:00,361.101
1990-12-01,1990,1,12,ABATE12_ABQUVA12,1990-12-01T00:00:00-02:00,423.554
1991-01-01,1991,1,1,ABATE12_ABQUVA12,1991-01-01T00:00:00-02:00,447.312
1991-02-01,1991,1,2,ABATE12_ABQUVA12,1991-02-01T00:00:00-02:00,425.237
1991-03-01,1991,1,3,ABATE12_ABQUVA12,1991-03-01T00:00:00-03:00,412.684
1991-04-01,1991,1,4,ABATE12_ABQUVA12,1991-04-01T00:00:00-03:00,428.421
1991-05-01,1991,1,5,ABATE12_ABQUVA12,1991-05-01T00:00:00-03:00,409.312
1991-06-01,1991,1,6,ABATE12_ABQUVA12,1991-06-01T00:00:00-03:00,377.117
1991-07-01,1991,1,7,ABATE12_ABQUVA12,1991-07-01T00:00:00-03:00,394.715
1991-08-01,1991,1,8,ABATE12_ABQUVA12,1991-08-01T00:00:00-03:00,366.003
1991-09-01,1991,1,9,ABATE12_ABQUVA12,1991-09-01T00:00:00-03:00,344.987
1991-10-01,1991,1,10,ABATE12_ABQUVA12,1991-10-01T00:00:00-03:00,344.437
1991-11-01,1991,1,11,ABATE12_ABQUVA12,1991-11-01T00:00:00-03:00,369.777
1991-12-01,1991,1,12,ABATE12_ABQUVA12,1991-12-01T00:00:00-02:00,426.505
1992-01-01,1992,1,1,ABATE12_ABQUVA12,1992-01-01T00:00:00-02:00,435.556
1992-02-01,1992,1,2,ABATE12_ABQUVA12,1992-02-01T00:00:00-02:00,442.553
1992-03-01,1992,1,3,ABATE12_ABQUVA12,1992-03-01T00:00:00-03:00,472.196
1992-04-01,1992,1,4,ABATE12_ABQUVA12,1992-04-01T00:00:00-03:00,474.718
1992-05-01,1992,1,5,ABATE12_ABQUVA12,1992-05-01T00:00:00-03:00,460.305
1992-06-01,1992,1,6,ABATE12_ABQUVA12,1992-06-01T00:00:00-03:00,450.646
1992-07-01,1992,1,7,ABATE12_ABQUVA12,1992-07-01T00:00:00-03:00,443.83
1992-08-01,1992,1,8,ABATE12_ABQUVA12,1992-08-01T00:00:00-03:00,386.431
1992-09-01,1992,1,9,ABATE12_ABQUVA12,1992-09-01T00:00:00-03:00,341.579
1992-10-01,1992,1,10,ABATE12_ABQUVA12,1992-10-01T00:00:00-03:00,340.625
1992-11-01,1992,1,11,ABATE12_ABQUVA12,1992-11-01T00:00:00-03:00,382.108
1992-12-01,1992,1,12,ABATE12_ABQUVA12,1992-12-01T00:00:00-02:00,445.715
1993-01-01,1993,1,1,ABATE12_ABQUVA12,1993-01-01T00:00:00-02:00,442.589
1993-02-01,1993,1,2,ABATE12_ABQUVA12,1993-02-01T00:00:00-02:00,450.018
1993-03-01,1993,1,3,ABATE12_ABQUVA12,1993-03-01T00:00:00-03:00,495.907
1993-04-01,1993,1,4,ABATE12_ABQUVA12,1993-04-01T00:00:00-03:00,426.915
1993-05-01,1993,1,5,ABATE12_ABQUVA12,1993-05-01T00:00:00-03:00,458.504
1993-06-01,1993,1,6,ABATE12_ABQUVA12,1993-06-01T00:00:00-03:00,452.741
1993-07-01,1993,1,7,ABATE12_ABQUVA12,1993-07-01T00:00:00-03:00,460.036
1993-08-01,1993,1,8,ABATE12_ABQUVA12,1993-08-01T00:00:00-03:00,390.214
1993-09-01,1993,1,9,ABATE12_ABQUVA12,1993-09-01T00:00:00-03:00,362.026
1993-10-01,1993,1,10,ABATE12_ABQUVA12,1993-10-01T00:00:00-03:00,376.099
1993-11-01,1993,1,11,ABATE12_ABQUVA12,1993-11-01T00:00:00-03:00,403.936
1993-12-01,1993,1,12,ABATE12_ABQUVA12,1993-12-01T00:00:00-02:00,478.352
1994-01-01,1994,1,1,ABATE12_ABQUVA12,1994-01-01T00:00:00-02:00,472.771
1994-02-01,1994,1,2,ABATE12_ABQUVA12,1994-02-01T00:00:00-02:00,490.374
1994-03-01,1994,1,3,ABATE12_ABQUVA12,1994-03-01T00:00:00-03:00,509.187
1994-04-01,1994,1,4,ABATE12_ABQUVA12,1994-04-01T00:00:00-03:00,455.284
1994-05-01,1994,1,5,ABATE12_ABQUVA12,1994-05-01T00:00:00-03:00,423.989
1994-06-01,1994,1,6,ABATE12_ABQUVA12,1994-06-01T00:00:00-03:00,392.902
1994-07-01,1994,1,7,ABATE12_ABQUVA12,1994-07-01T00:00:00-03:00,390.771
1994-08-01,1994,1,8,ABATE12_ABQUVA12,1994-08-01T00:00:00-03:00,345.126
1994-09-01,1994,1,9,ABATE12_ABQUVA12,1994-09-01T00:00:00-03:00,328.259
1994-10-01,1994,1,10,ABATE12_ABQUVA12,1994-10-01T00:00:00-03:00,337.129
1994-11-01,1994,1,11,ABATE12_ABQUVA12,1994-11-01T00:00:00-03:00,359.791
1994-12-01,1994,1,12,ABATE12_ABQUVA12,1994-12-01T00:00:00-02:00,463.281
1995-01-01,1995,1,1,ABATE12_ABQUVA12,1995-01-01T00:00:00-02:00,449.703
1995-02-01,1995,1,2,ABATE12_ABQUVA12,1995-02-01T00:00:00-02:00,462.385
1995-03-01,1995,1,3,ABATE12_ABQUVA12,1995-03-01T00:00:00-03:00,515.597
1995-04-01,1995,1,4,ABATE12_ABQUVA12,1995-04-01T00:00:00-03:00,455.372
1995-05-01,1995,1,5,ABATE12_ABQUVA12,1995-05-01T00:00:00-03:00,532.133
1995-06-01,1995,1,6,ABATE12_ABQUVA12,1995-06-01T00:00:00-03:00,529.52
1995-07-01,1995,1,7,ABATE12_ABQUVA12,1995-07-01T00:00:00-03:00,533.228
1995-08-01,1995,1,8,ABATE12_ABQUVA12,1995-08-01T00:00:00-03:00,505.888
1995-09-01,1995,1,9,ABATE12_ABQUVA12,1995-09-01T00:00:00-03:00,446.474
1995-10-01,1995,1,10,ABATE12_ABQUVA12,1995-10-01T00:00:00-03:00,464.4
1995-11-01,1995,1,11,ABATE12_ABQUVA12,1995-11-01T00:00:00-03:00,496.762
1995-12-01,1995,1,12,ABATE12_ABQUVA12,1995-12-01T00:00:00-02:00,558.856
1996-01-01,1996,1,1,ABATE12_ABQUVA12,1996-01-01T00:00:00-02:00,650.335
1996-02-01,1996,1,2,ABATE12_ABQUVA12,1996-02-01T00:00:00-02:00,640.758
1996-03-01,1996,1,3,ABATE12_ABQUVA12,1996-03-01T00:00:00-03:00,655.724
1996-04-01,1996,1,4,ABATE12_ABQUVA12,1996-04-01T00:00:00-03:00,640.965
1996-05-01,1996,1,5,ABATE12_ABQUVA12,1996-05-01T00:00:00-03:00,672.466
1996-06-01,1996,1,6,ABATE12_ABQUVA12,1996-06-01T00:00:00-03:00,617.617
1996-07-01,1996,1,7,ABATE12_ABQUVA12,1996-07-01T00:00:00-03:00,651.776
1996-08-01,1996,1,8,ABATE12_ABQUVA12,1996-08-01T00:00:00-03:00,614.907
1996-09-01,1996,1,9,ABATE12_ABQUVA12,1996-09-01T00:00:00-03:00,528.317
1996-10-01,1996,1,10,ABATE12_ABQUVA12,1996-10-01T00:00:00-03:00,553.088
1996-11-01,1996,1,11,ABATE12_ABQUVA12,1996-11-01T00:00:00-03:00,573.388
1996-12-01,1996,1,12,ABATE12_ABQUVA12,1996-12-01T00:00:00-02:00,655.376
1997-01-01,1997,1,1,ABATE12_ABQUVA12,1997-01-01T00:00:00-02:00,406.609
1997-02-01,1997,1,2,ABATE12_ABQUVA12,1997-02-01T00:00:00-02:00,390.094
1997-03-01,1997,1,3,ABATE12_ABQUVA12,1997-03-01T00:00:00-03:00,376.843
1997-04-01,1997,1,4,ABATE12_ABQUVA12,1997-04-01T00:00:00-03:00,388.682
1997-05-01,1997,1,5,ABATE12_ABQUVA12,1997-05-01T00:00:00-03:00,367.919
1997-06-01,1997,1,6,ABATE12_ABQUVA12,1997-06-01T00:00:00-03:00,348.153
1997-07-01,1997,1,7,ABATE12_ABQUVA12,1997-07-01T00:00:00-03:00,359.662
1997-08-01,1997,1,8,ABATE12_ABQUVA12,1997-08-01T00:00:00-03:00,334.873
1997-09-01,1997,1,9,ABATE12_ABQUVA12,1997-09-01T00:00:00-03:00,318.717
1997-10-01,1997,1,10,ABATE12_ABQUVA12,1997-10-01T00:00:00-03:00,328.911
1997-11-01,1997,1,11,ABATE12_ABQUVA12,1997-11-01T00:00:00-03:00,331.448
1997-12-01,1997,1,12,ABATE12_ABQUVA12,1997-12-01T00:00:00-02:00,398.057
1998-01-01,1998,1,1,ABATE12_ABQUVA12,1998-01-01T00:00:00-02:00,371.068
1998-02-01,1998,1,2,ABATE12_ABQUVA12,1998-02-01T00:00:00-02:00,342.355
1998-03-01,1998,1,3,ABATE12_ABQUVA12,1998-03-01T00:00:00-03:00,369.66
1998-04-01,1998,1,4,ABATE12_ABQUVA12,1998-04-01T00:00:00-03:00,318.37
1998-05-01,1998,1,5,ABATE12_ABQUVA12,1998-05-01T00:00:00-03:00,334.151
1998-06-01,1998,1,6,ABATE12_ABQUVA12,1998-06-01T00:00:00-03:00,312.929
1998-07-01,1998,1,7,ABATE12_ABQUVA12,1998-07-01T00:00:00-03:00,303.083
1998-08-01,1998,1,8,ABATE12_ABQUVA12,1998-08-01T00:00:00-03:00,263.487
1998-09-01,1998,1,9,ABATE12_ABQUVA12,1998-09-01T00:00:00-03:00,259.499
1998-10-01,1998,1,10,ABATE12_ABQUVA12,1998-10-01T00:00:00-03:00,280.401
1998-11-01,1998,1,11,ABATE12_ABQUVA12,1998-11-01T00:00:00-03:00,287.787
1998-12-01,1998,1,12,ABATE12_ABQUVA12,1998-12-01T00:00:00-02:00,356.205
1999-01-01,1999,1,1,ABATE12_ABQUVA12,1999-01-01T00:00:00-02:00,335.081
1999-02-01,1999,1,2,ABATE12_ABQUVA12,1999-02-01T00:00:00-02:00,350.842
1999-03-01,1999,1,3,ABATE12_ABQUVA12,1999-03-01T00:00:00-03:00,380.255
1999-04-01,1999,1,4,ABATE12_ABQUVA12,1999-04-01T00:00:00-03:00,344.436
1999-05-01,1999,1,5,ABATE12_ABQUVA12,1999-05-01T00:00:00-03:00,383.896
1999-06-01,1999,1,6,ABATE12_ABQUVA12,1999-06-01T00:00:00-03:00,391.111
1999-07-01,1999,1,7,ABATE12_ABQUVA12,1999-07-01T00:00:00-03:00,386.831
1999-08-01,1999,1,8,ABATE12_ABQUVA12,1999-08-01T00:00:00-03:00,367.538
1999-09-01,1999,1,9,ABATE12_ABQUVA12,1999-09-01T00:00:00-03:00,317.37
1999-10-01,1999,1,10,ABATE12_ABQUVA12,1999-10-01T00:00:00-03:00,367.856
1999-11-01,1999,1,11,ABATE12_ABQUVA12,1999-11-01T00:00:00-03:00,379.094
1999-12-01,1999,1,12,ABATE12_ABQUVA12,1999-12-01T00:00:00-02:00,440.122
2000-01-01,2000,1,1,ABATE12_ABQUVA12,2000-01-01T00:00:00-02:00,404.378
2000-02-01,2000,1,2,ABATE12_ABQUVA12,2000-02-01T00:00:00-02:00,419.452
2000-03-01,2000,1,3,ABATE12_ABQUVA12,2000-03-01T00:00:00-03:00,405.302
2000-04-01,2000,1,4,ABATE12_ABQUVA12,2000-04-01T00:00:00-03:00,364.167
2000-05-01,2000,1,5,ABATE12_ABQUVA12,2000-05-01T00:00:00-03:00,411.629
2000-06-01,2000,1,6,ABATE12_ABQUVA12,2000-06-01T00:00:00-03:00,406.086
2000-07-01,2000,1,7,ABATE12_ABQUVA12,2000-07-01T00:00:00-03:00,389.53
2000-08-01,2000,1,8,ABATE12_ABQUVA12,2000-08-01T00:00:00-03:00,347.326
2000-09-01,2000,1,9,ABATE12_ABQUVA12,2000-09-01T00:00:00-03:00,276.916
2000-10-01,2000,1,10,ABATE12_ABQUVA12,2000-10-01T00:00:00-03:00,320.575
2000-11-01,2000,1,11,ABATE12_ABQUVA12,2000-11-01T00:00:00-03:00,337.268
2000-12-01,2000,1,12,ABATE12_ABQUVA12,2000-12-01T00:00:00-02:00,356.348
2001-01-01,2001,1,1,ABATE12_ABQUVA12,2001-01-01T00:00:00-02:00,387.552
2001-02-01,2001,1,2,ABATE12_ABQUVA12,2001-02-01T00:00:00-02:00,337.286
2001-03-01,2001,1,3,ABATE12_ABQUVA12,2001-03-01T00:00:00-03:00,398.745
2001-04-01,2001,1,4,ABATE12_ABQUVA12,2001-04-01T00:00:00-03:00,339.104
2001-05-01,2001,1,5,ABATE12_ABQUVA12,2001-05-01T00:00:00-03:00,357.853
2001-06-01,2001,1,6,ABATE12_ABQUVA12,2001-06-01T00:00:00-03:00,344.527
2001-07-01,2001,1,7,ABATE12_ABQUVA12,2001-07-01T00:00:00-03:00,333.461
2001-08-01,2001,1,8,ABATE12_ABQUVA12,2001-08-01T00:00:00-03:00,323.885
2001-09-01,2001,1,9,ABATE12_ABQUVA12,2001-09-01T00:00:00-03:00,288.363
2001-10-01,2001,1,10,ABATE12_ABQUVA12,2001-10-01T00:00:00-03:00,350.06
2001-11-01,2001,1,11,ABATE12_ABQUVA12,2001-11-01T00:00:00-03:00,341.297
2001-12-01,2001,1,12,ABATE12_ABQUVA12,2001-12-01T00:00:00-02:00,383.672
2002-01-01,2002,1,1,ABATE12_ABQUVA12,2002-01-01T00:00:00-02:00,387.873
2002-02-01,2002,1,2,ABATE12_ABQUVA12,2002-02-01T00:00:00-02:00,361.456
2002-03-01,2002,1,3,ABATE12_ABQUVA12,2002-03-01T00:00:00-03:00,362.019
2002-04-01,2002,1,4,ABATE12_ABQUVA12,2002-04-01T00:00:00-03:00,356.49
2002-05-01,2002,1,5,ABATE12_ABQUVA12,2002-05-01T00:00:00-03:00,367.086
2002-06-01,2002,1,6,ABATE12_ABQUVA12,2002-06-01T00:00:00-03:00,373.289
2002-07-01,2002,1,7,ABATE12_ABQUVA12,2002-07-01T00:00:00-03:00,389.595
2002-08-01,2002,1,8,ABATE12_ABQUVA12,2002-08-01T00:00:00-03:00,383.32
2002-09-01,2002,1,9,ABATE12_ABQUVA12,2002-09-01T00:00:00-03:00,368.377
2002-10-01,2002,1,10,ABATE12_ABQUVA12,2002-10-01T00:00:00-03:00,422.393
2002-11-01,2002,1,11,ABATE12_ABQUVA12,2002-11-01T00:00:00-03:00,472.692
2002-12-01,2002,1,12,ABATE12_ABQUVA12,2002-12-01T00:00:00-02:00,524.55
2003-01-01,2003,1,1,ABATE12_ABQUVA12,2003-01-01T00:00:00-02:00,559.019
2003-02-01,2003,1,2,ABATE12_ABQUVA12,2003-02-01T00:00:00-02:00,563.122
2003-03-01,2003,1,3,ABATE12_ABQUVA12,2003-03-01T00:00:00-03:00,568.341
2003-04-01,2003,1,4,ABATE12_ABQUVA12,2003-04-01T00:00:00-03:00,526.328
2003-05-01,2003,1,5,ABATE12_ABQUVA12,2003-05-01T00:00:00-03:00,578.095
2003-06-01,2003,1,6,ABATE12_ABQUVA12,2003-06-01T00:00:00-03:00,567.813
2003-07-01,2003,1,7,ABATE12_ABQUVA12,2003-07-01T00:00:00-03:00,574.179
2003-08-01,2003,1,8,ABATE12_ABQUVA12,2003-08-01T00:00:00-03:00,529.327
2003-09-01,2003,1,9,ABATE12_ABQUVA12,2003-09-01T00:00:00-03:00,528.911
2003-10-01,2003,1,10,ABATE12_ABQUVA12,2003-10-01T00:00:00-03:00,545.365
2003-11-01,2003,1,11,ABATE12_ABQUVA12,2003-11-01T00:00:00-03:00,527.33
2003-12-01,2003,1,12,ABATE12_ABQUVA12,2003-12-01T00:00:00-02:00,658.907
2004-01-01,2004,1,1,ABATE12_ABQUVA12,2004-01-01T00:00:00-02:00,703.661
2004-02-01,2004,1,2,ABATE12_ABQUVA12,2004-02-01T00:00:00-02:00,665.911
2004-03-01,2004,1,3,ABATE12_ABQUVA12,2004-03-01T00:00:00-03:00,775.425
2004-04-01,2004,1,4,ABATE12_ABQUVA12,2004-04-01T00:00:00-03:00,704.318
2004-05-01,2004,1,5,ABATE12_ABQUVA12,2004-05-01T00:00:00-03:00,743.246
2004-06-01,2004,1,6,ABATE12_ABQUVA12,2004-06-01T00:00:00-03:00,808.158
2004-07-01,2004,1,7,ABATE12_ABQUVA12,2004-07-01T00:00:00-03:00,836.382
2004-08-01,2004,1,8,ABATE12_ABQUVA12,2004-08-01T00:00:00-03:00,803.827
2004-09-01,2004,1,9,ABATE12_ABQUVA12,2004-09-01T00:00:00-03:00,749.122
2004-10-01,2004,1,10,ABATE12_ABQUVA12,2004-10-01T00:00:00-03:00,658.882
2004-11-01,2004,1,11,ABATE12_ABQUVA12,2004-11-01T00:00:00-03:00,681.376
2004-12-01,2004,1,12,ABATE12_ABQUVA12,2004-12-01T00:00:00-02:00,800.225
2005-01-01,2005,1,1,ABATE12_ABQUVA12,2005-01-01T00:00:00-02:00,829.429
2005-02-01,2005,1,2,ABATE12_ABQUVA12,2005-02-01T00:00:00-02:00,810.265
2005-03-01,2005,1,3,ABATE12_ABQUVA12,2005-03-01T00:00:00-03:00,901.548
2005-04-01,2005,1,4,ABATE12_ABQUVA12,2005-04-01T00:00:00-03:00,928.168
2005-05-01,2005,1,5,ABATE12_ABQUVA12,2005-05-01T00:00:00-03:00,926.277
2005-06-01,2005,1,6,ABATE12_ABQUVA12,2005-06-01T00:00:00-03:00,932.704
2005-07-01,2005,1,7,ABATE12_ABQUVA12,2005-07-01T00:00:00-03:00,912.828
2005-08-01,2005,1,8,ABATE12_ABQUVA12,2005-08-01T00:00:00-03:00,875.647
2005-09-01,2005,1,9,ABATE12_ABQUVA12,2005-09-01T00:00:00-03:00,749.75
2005-10-01,2005,1,10,ABATE12_ABQUVA12,2005-10-01T00:00:00-03:00,702.426
2005-11-01,2005,1,11,ABATE12_ABQUVA12,2005-11-01T00:00:00-02:00,798.565
2005-12-01,2005,1,12,ABATE12_ABQUVA12,2005-12-01T00:00:00-02:00,912.394
2006-01-01,2006,1,1,ABATE12_ABQUVA12,2006-01-01T00:00:00-02:00,943.229
2006-02-01,2006,1,2,ABATE12_ABQUVA12,2006-02-01T00:00:00-02:00,904.739
2006-03-01,2006,1,3,ABATE12_ABQUVA12,2006-03-01T00:00:00-03:00,1054.043
2006-04-01,2006,1,4,ABATE12_ABQUVA12,2006-04-01T00:00:00-03:00,895.003
2006-05-01,2006,1,5,ABATE12_ABQUVA12,2006-05-01T00:00:00-03:00,1039.052
2006-06-01,2006,1,6,ABATE12_ABQUVA12,2006-06-01T00:00:00-03:00,997.615
2006-07-01,2006,1,7,ABATE12_ABQUVA12,2006-07-01T00:00:00-03:00,945.691
2006-08-01,2006,1,8,ABATE12_ABQUVA12,2006-08-01T00:00:00-03:00,968.528
2006-09-01,2006,1,9,ABATE12_ABQUVA12,2006-09-01T00:00:00-03:00,862.549
2006-10-01,2006,1,10,ABATE12_ABQUVA12,2006-10-01T00:00:00-03:00,844.994
2006-11-01,2006,1,11,ABATE12_ABQUVA12,2006-11-01T00:00:00-03:00,872.769
2006-12-01,2006,1,12,ABATE12_ABQUVA12,2006-12-01T00:00:00-02:00,926.995
2007-01-01,2007,1,1,ABATE12_ABQUVA12,2007-01-01T00:00:00-02:00,1022.432
2007-02-01,2007,1,2,ABATE12_ABQUVA12,2007-02-01T00:00:00-02:00,955.144
2007-03-01,2007,1,3,ABATE12_ABQUVA12,2007-03-01T00:00:00-03:00,1103.455
2007-04-01,2007,1,4,ABATE12_ABQUVA12,2007-04-01T00:00:00-03:00,941.512
2007-05-01,2007,1,5,ABATE12_ABQUVA12,2007-05-01T00:00:00-03:00,1007.558
2007-06-01,2007,1,6,ABATE12_ABQUVA12,2007-06-01T00:00:00-03:00,930.607
2007-07-01,2007,1,7,ABATE12_ABQUVA12,2007-07-01T00:00:00-03:00,850.44
2007-08-01,2007,1,8,ABATE12_ABQUVA12,2007-08-01T00:00:00-03:00,824.817
2007-09-01,2007,1,9,ABATE12_ABQUVA12,2007-09-01T00:00:00-03:00,695.178
2007-10-01,2007,1,10,ABATE12_ABQUVA12,2007-10-01T00:00:00-03:00,682.664
2007-11-01,2007,1,11,ABATE12_ABQUVA12,2007-11-01T00:00:00-02:00,728.539
2007-12-01,2007,1,12,ABATE12_ABQUVA12,2007-12-01T00:00:00-02:00,849.128
2008-01-01,2008,1,1,ABATE12_ABQUVA12,2008-01-01T00:00:00-02:00,959.293
2008-02-01,2008,1,2,ABATE12_ABQUVA12,2008-02-01T00:00:00-02:00,935.204
2008-03-01,2008,1,3,ABATE12_ABQUVA12,2008-03-01T00:00:00-03:00,942.864
2008-04-01,2008,1,4,ABATE12_ABQUVA12,2008-04-01T00:00:00-03:00,974.273
2008-05-01,2008,1,5,ABATE12_ABQUVA12,2008-05-01T00:00:00-03:00,896.399
2008-06-01,2008,1,6,ABATE12_ABQUVA12,2008-06-01T00:00:00-03:00,829.741
2008-07-01,2008,1,7,ABATE12_ABQUVA12,2008-07-01T00:00:00-03:00,756.957
2008-08-01,2008,1,8,ABATE12_ABQUVA12,2008-08-01T00:00:00-03:00,692.468
2008-09-01,2008,1,9,ABATE12_ABQUVA12,2008-09-01T00:00:00-03:00,639.185
2008-10-01,2008,1,10,ABATE12_ABQUVA12,2008-10-01T00:00:00-03:00,639.666
2008-11-01,2008,1,11,ABATE12_ABQUVA12,2008-11-01T00:00:00-02:00,586.699
2008-12-01,2008,1,12,ABATE12_ABQUVA12,2008-12-01T00:00:00-02:00,696.412
2009-01-01,2009,1,1,ABATE12_ABQUVA12,2009-01-01T00:00:00-02:00,751.549
2009-02-01,2009,1,2,ABATE12_ABQUVA12,2009-02-01T00:00:00-02:00,741.181
2009-03-01,2009,1,3,ABATE12_ABQUVA12,2009-03-01T00:00:00-03:00,815.91
2009-04-01,2009,1,4,ABATE12_ABQUVA12,2009-04-01T00:00:00-03:00,745.395
2009-05-01,2009,1,5,ABATE12_ABQUVA12,2009-05-01T00:00:00-03:00,763.454
2009-06-01,2009,1,6,ABATE12_ABQUVA12,2009-06-01T00:00:00-03:00,764.981
2009-07-01,2009,1,7,ABATE12_ABQUVA12,2009-07-01T00:00:00-03:00,731.221
2009-08-01,2009,1,8,ABATE12_ABQUVA12,2009-08-01T00:00:00-03:00,649.033
2009-09-01,2009,1,9,ABATE12_ABQUVA12,2009-09-01T00:00:00-03:00,650.346
2009-10-01,2009,1,10,ABATE12_ABQUVA12,2009-10-01T00:00:00-03:00,692.662
2009-11-01,2009,1,11,ABATE12_ABQUVA12,2009-11-01T00:00:00-02:00,660.574
2009-12-01,2009,1,12,ABATE12_ABQUVA12,2009-12-01T00:00:00-02:00,789.709
2010-01-01,2010,1,1,ABATE12_ABQUVA12,2010-01-01T00:00:00-02:00,720.816
2010-02-01,2010,1,2,ABATE12_ABQUVA12,2010-02-01T00:00:00-02:00,729.516
2010-03-01,2010,1,3,ABATE12_ABQUVA12,2010-03-01T00:00:00-03:00,852.952
2010-04-01,2010,1,4,ABATE12_ABQUVA12,2010-04-01T00:00:00-03:00,779.025
2010-05-01,2010,1,5,ABATE12_ABQUVA12,2010-05-01T00:00:00-03:00,766.76
2010-06-01,2010,1,6,ABATE12_ABQUVA12,2010-06-01T00:00:00-03:00,732.397
2010-07-01,2010,1,7,ABATE12_ABQUVA12,2010-07-01T00:00:00-03:00,712.254
2010-08-01,2010,1,8,ABATE12_ABQUVA12,2010-08-01T00:00:00-03:00,662.312
2010-09-01,2010,1,9,ABATE12_ABQUVA12,2010-09-01T00:00:00-03:00,654.58
2010-10-01,2010,1,10,ABATE12_ABQUVA12,2010-10-01T00:00:00-03:00,642.59
2010-11-01,2010,1,11,ABATE12_ABQUVA12,2010-11-01T00:00:00-02:00,705.762
2010-12-01,2010,1,12,ABATE12_ABQUVA12,2010-12-01T00:00:00-02:00,812.148
2011-01-01,2011,1,1,ABATE12_ABQUVA12,2011-01-01T00:00:00-02:00,802.168
2011-02-01,2011,1,2,ABATE12_ABQUVA12,2011-02-01T00:00:00-02:00,872.61
2011-03-01,2011,1,3,ABATE12_ABQUVA12,2011-03-01T00:00:00-03:00,914.262
2011-04-01,2011,1,4,ABATE12_ABQUVA12,2011-04-01T00:00:00-03:00,819.173
2011-05-01,2011,1,5,ABATE12_ABQUVA12,2011-05-01T00:00:00-03:00,878.14
2011-06-01,2011,1,6,ABATE12_ABQUVA12,2011-06-01T00:00:00-03:00,829.855
2011-07-01,2011,1,7,ABATE12_ABQUVA12,2011-07-01T00:00:00-03:00,794.676
2011-08-01,2011,1,8,ABATE12_ABQUVA12,2011-08-01T00:00:00-03:00,785.688
2011-09-01,2011,1,9,ABATE12_ABQUVA12,2011-09-01T00:00:00-03:00,707.712
2011-10-01,2011,1,10,ABATE12_ABQUVA12,2011-10-01T00:00:00-03:00,691.757
2011-11-01,2011,1,11,ABATE12_ABQUVA12,2011-11-01T00:00:00-02:00,750.345
2011-12-01,2011,1,12,ABATE12_ABQUVA12,2011-12-01T00:00:00-02:00,834.733
2012-01-01,2012,1,1,ABATE12_ABQUVA12,2012-01-01T00:00:00-02:00,849.65
2012-02-01,2012,1,2,ABATE12_ABQUVA12,2012-02-01T00:00:00-02:00,906.71
2012-03-01,2012,1,3,ABATE12_ABQUVA12,2012-03-01T00:00:00-03:00,993.908
2012-04-01,2012,1,4,ABATE12_ABQUVA12,2012-04-01T00:00:00-03:00,877.048
2012-05-01,2012,1,5,ABATE12_ABQUVA12,2012-05-01T00:00:00-03:00,958.231
2012-06-01,2012,1,6,ABATE12_ABQUVA12,2012-06-01T00:00:00-03:00,897.064
2012-07-01,2012,1,7,ABATE12_ABQUVA12,2012-07-01T00:00:00-03:00,895.038
2012-08-01,2012,1,8,ABATE12_ABQUVA12,2012-08-01T00:00:00-03:00,930.69
2012-09-01,2012,1,9,ABATE12_ABQUVA12,2012-09-01T00:00:00-03:00,809.724
2012-10-01,2012,1,10,ABATE12_ABQUVA12,2012-10-01T00:00:00-03:00,818.927
2012-11-01,2012,1,11,ABATE12_ABQUVA12,2012-11-01T00:00:00-02:00,825.951
2012-12-01,2012,1,12,ABATE12_ABQUVA12,2012-12-01T00:00:00-02:00,852.689
2013-01-01,2013,1,1,ABATE12_ABQUVA12,2013-01-01T00:00:00-02:00,1036.041
2013-02-01,2013,1,2,ABATE12_ABQUVA12,2013-02-01T00:00:00-02:00,982.406
2013-03-01,2013,1,3,ABATE12_ABQUVA12,2013-03-01T00:00:00-03:00,1017.228
2013-04-01,2013,1,4,ABATE12_ABQUVA12,2013-04-01T00:00:00-03:00,1050.285
2013-05-01,2013,1,5,ABATE12_ABQUVA12,2013-05-01T00:00:00-03:00,1021.37
2013-06-01,2013,1,6,ABATE12_ABQUVA12,2013-06-01T00:00:00-03:00,942.477
2013-07-01,2013,1,7,ABATE12_ABQUVA12,2013-07-01T00:00:00-03:00,998.686
2013-08-01,2013,1,8,ABATE12_ABQUVA12,2013-08-01T00:00:00-03:00,943.905
2013-09-01,2013,1,9,ABATE12_ABQUVA12,2013-09-01T00:00:00-03:00,800.025
2013-10-01,2013,1,10,ABATE12_ABQUVA12,2013-10-01T00:00:00-03:00,837.413
2013-11-01,2013,1,11,ABATE12_ABQUVA12,2013-11-01T00:00:00-02:00,817.556
2013-12-01,2013,1,12,ABATE12_ABQUVA12,2013-12-01T00:00:00-02:00,942.734
2014-01-01,2014,1,1,ABATE12_ABQUVA12,2014-01-01T00:00:00-02:00,1043.781
2014-02-01,2014,1,2,ABATE12_ABQUVA12,2014-02-01T00:00:00-02:00,1029.381
2014-03-01,2014,1,3,ABATE12_ABQUVA12,2014-03-01T00:00:00-03:00,994.279
2014-04-01,2014,1,4,ABATE12_ABQUVA12,2014-04-01T00:00:00-03:00,996.699
2014-05-01,2014,1,5,ABATE12_ABQUVA12,2014-05-01T00:00:00-03:00,1009.062
2014-06-01,2014,1,6,ABATE12_ABQUVA12,2014-06-01T00:00:00-03:00,894.148
2014-07-01,2014,1,7,ABATE12_ABQUVA12,2014-07-01T00:00:00-03:00,934.64
2014-08-01,2014,1,8,ABATE12_ABQUVA12,2014-08-01T00:00:00-03:00,820.539
2014-09-01,2014,1,9,ABATE12_ABQUVA12,2014-09-01T00:00:00-03:00,806.26
2014-10-01,2014,1,10,ABATE12_ABQUVA12,2014-10-01T00:00:00-03:00,827.198
2014-11-01,2014,1,11,ABATE12_ABQUVA12,2014-11-01T00:00:00-02:00,771.844
2014-12-01,2014,1,12,ABATE12_ABQUVA12,2014-12-01T00:00:00-02:00,902.263
2015-01-01,2015,1,1,ABATE12_ABQUVA12,2015-01-01T00:00:00-02:00,918.811
2015-02-01,2015,1,2,ABATE12_ABQUVA12,2015-02-01T00:00:00-02:00,844.832
2015-03-01,2015,1,3,ABATE12_ABQUVA12,2015-03-01T00:00:00-03:00,905.778
2015-04-01,2015,1,4,ABATE12_ABQUVA12,2015-04-01T00:00:00-03:00,866.722
2015-05-01,2015,1,5,ABATE12_ABQUVA12,2015-05-01T00:00:00-03:00,818.695
2015-06-01,2015,1,6,ABATE12_ABQUVA12,2015-06-01T00:00:00-03:00,785.073
2015-07-01,2015,1,7,ABATE12_ABQUVA12,2015-07-01T00:00:00-03:00,763.4
2015-08-01,2015,1,8,ABATE12_ABQUVA12,2015-08-01T00:00:00-03:00,709.094
2015-09-01,2015,1,9,ABATE12_ABQUVA12,2015-09-01T00:00:00-03:00,692.05
2015-10-01,2015,1,10,ABATE12_ABQUVA12,2015-10-01T00:00:00-03:00,678.742
2015-11-01,2015,1,11,ABATE12_ABQUVA12,2015-11-01T00:00:00-02:00,621.083
2015-12-01,2015,1,12,ABATE12_ABQUVA12,2015-12-01T00:00:00-02:00,727.144
2016-01-01,2016,1,1,ABATE12_ABQUVA12,2016-01-01T00:00:00-02:00,736.585
2016-02-01,2016,1,2,ABATE12_ABQUVA12,2016-02-01T00:00:00-02:00,803.622
2016-03-01,2016,1,3,ABATE12_ABQUVA12,2016-03-01T00:00:00-03:00,815.243
2016-04-01,2016,1,4,ABATE12_ABQUVA12,2016-04-01T00:00:00-03:00,800.184
2016-05-01,2016,1,5,ABATE12_ABQUVA12,2016-05-01T00:00:00-03:00,792.223
2016-06-01,2016,1,6,ABATE12_ABQUVA12,2016-06-01T00:00:00-03:00,797.071
2016-07-01,2016,1,7,ABATE12_ABQUVA12,2016-07-01T00:00:00-03:00,735.803
2016-08-01,2016,1,8,ABATE12_ABQUVA12,2016-08-01T00:00:00-03:00,719.535
2016-09-01,2016,1,9,ABATE12_ABQUVA12,2016-09-01T00:00:00-03:00,644.901
2016-10-01,2016,1,10,ABATE12_ABQUVA12,2016-10-01T00:00:00-03:00,613.812
2016-11-01,2016,1,11,ABATE12_ABQUVA12,2016-11-01T00:00:00-02:00,668.449
2016-12-01,2016,1,12,ABATE12_ABQUVA12,2016-12-01T00:00:00-02:00,791.387
2017-01-01,2017,1,1,ABATE12_ABQUVA12,2017-01-01T00:00:00-02:00,815.56
2017-02-01,2017,1,2,ABATE12_ABQUVA12,2017-02-01T00:00:00-02:00,817.089
2017-03-01,2017,1,3,ABATE12_ABQUVA12,2017-03-01T00:00:00-03:00,940.86
2017-04-01,2017,1,4,ABATE12_ABQUVA12,2017-04-01T00:00:00-03:00,749.226
2017-05-01,2017,1,5,ABATE12_ABQUVA12,2017-05-01T00:00:00-03:00,884.613
2017-06-01,2017,1,6,ABATE12_ABQUVA12,2017-06-01T00:00:00-03:00,816.492
2017-07-01,2017,1,7,ABATE12_ABQUVA12,2017-07-01T00:00:00-03:00,812.716
2017-08-01,2017,1,8,ABATE12_ABQUVA12,2017-08-01T00:00:00-03:00,841.76
2017-09-01,2017,1,9,ABATE12_ABQUVA12,2017-09-01T00:00:00-03:00,741.573
2017-10-01,2017,1,10,ABATE12_ABQUVA12,2017-10-01T00:00:00-03:00,727.112
2017-11-01,2017,1,11,ABATE12_ABQUVA12,2017-11-01T00:00:00-02:00,739.021
2017-12-01,2017,1,12,ABATE12_ABQUVA12,2017-12-01T00:00:00-02:00,858.644
2018-01-01,2018,1,1,ABATE12_ABQUVA12,2018-01-01T00:00:00-02:00,921.972
2018-02-01,2018,1,2,ABATE12_ABQUVA12,2018-02-01T00:00:00-02:00,906.477
2018-03-01,2018,1,3,ABATE12_ABQUVA12,2018-03-01T00:00:00-03:00,960.174
2018-04-01,2018,1,4,ABATE12_ABQUVA12,2018-04-01T00:00:00-03:00,884.316
2018-05-01,2018,1,5,ABATE12_ABQUVA12,2018-05-01T00:00:00-03:00,765.559
2018-06-01,2018,1,6,ABATE12_ABQUVA12,2018-06-01T00:00:00-03:00,923.532
2018-07-01,2018,1,7,ABATE12_ABQUVA12,2018-07-01T00:00:00-03:00,871.105
2018-08-01,2018,1,8,ABATE12_ABQUVA12,2018-08-01T00:00:00-03:00,832.233
2018-09-01,2018,1,9,ABATE12_ABQUVA12,2018-09-01T00:00:00-03:00,697.193
2018-10-01,2018,1,10,ABATE12_ABQUVA12,2018-10-01T00:00:00-03:00,751.85
2018-11-01,2018,1,11,ABATE12_ABQUVA12,2018-11-01T00:00:00-03:00,732.733
2018-12-01,2018,1,12,ABATE12_ABQUVA12,2018-12-01T00:00:00-02:00,832.514
2019-01-01,2019,1,1,ABATE12_ABQUVA12,2019-01-01T00:00:00-02:00,923.417
2019-02-01,2019,1,2,ABATE12_ABQUVA12,2019-02-01T00:00:00-02:00,890.324
2019-03-01,2019,1,3,ABATE12_ABQUVA12,2019-03-01T00:00:00-03:00,885.807
2019-04-01,2019,1,4,ABATE12_ABQUVA12,2019-04-01T00:00:00-03:00,876.408
2019-05-01,2019,1,5,ABATE12_ABQUVA12,2019-05-01T00:00:00-03:00,876.455
2019-06-01,2019,1,6,ABATE12_ABQUVA12,2019-06-01T00:00:00-03:00,760.96
2019-07-01,2019,1,7,ABATE12_ABQUVA12,2019-07-01T00:00:00-03:00,846.333
2019-08-01,2019,1,8,ABATE12_ABQUVA12,2019-08-01T00:00:00-03:00,781.66
2019-09-01,2019,1,9,ABATE12_ABQUVA12,2019-09-01T00:00:00-03:00,669.492
2019-10-01,2019,1,10,ABATE12_ABQUVA12,2019-10-01T00:00:00-03:00,683.701
2019-11-01,2019,1,11,ABATE12_ABQUVA12,2019-11-01T00:00:00-03:00,688.646
2019-12-01,2019,1,12,ABATE12_ABQUVA12,2019-12-01T00:00:00-03:00,714.049
2020-01-01,2020,1,1,ABATE12_ABQUVA12,2020-01-01T00:00:00-03:00,751.731
2020-02-01,2020,1,2,ABATE12_ABQUVA12,2020-02-01T00:00:00-03:00,742.596
2020-03-01,2020,1,3,ABATE12_ABQUVA12,2020-03-01T00:00:00-03:00,736.06
2020-04-01,2020,1,4,ABATE12_ABQUVA12,2020-04-01T00:00:00-03:00,655.126
2020-05-01,2020,1,5,ABATE12_ABQUVA12,2020-05-01T00:00:00-03:00,709.82
2020-06-01,2020,1,6,ABATE12_ABQUVA12,2020-06-01T00:00:00-03:00,688.877
2020-07-01,2020,1,7,ABATE12_ABQUVA12,2020-07-01T00:00:00-03:00,672.241
2020-08-01,2020,1,8,ABATE12_ABQUVA12,2020-08-01T00:00:00-03:00,603.43
2020-09-01,2020,1,9,ABATE12_ABQUVA12,2020-09-01T00:00:00-03:00,571.494
