DATE,YEAR,DAY,MONTH,CODE,RAW DATE,VALUE (Unidade)
1987-01-01,1987,1,1,ACSP12_TELCH12,1987-01-01T00:00:00-02:00,391709.0
1987-02-01,1987,1,2,ACSP12_TELCH12,1987-02-01T00:00:00-02:00,411978.0
1987-03-01,1987,1,3,ACSP12_TELCH12,1987-03-01T00:00:00-03:00,458582.0
1987-04-01,1987,1,4,ACSP12_TELCH12,1987-04-01T00:00:00-03:00,516413.0
1987-05-01,1987,1,5,ACSP12_TELCH12,1987-05-01T00:00:00-03:00,600506.0
1987-06-01,1987,1,6,ACSP12_TELCH12,1987-06-01T00:00:00-03:00,610930.0
1987-07-01,1987,1,7,ACSP12_TELCH12,1987-07-01T00:00:00-03:00,699249.0
1987-08-01,1987,1,8,ACSP12_TELCH12,1987-08-01T00:00:00-03:00,740735.0
1987-09-01,1987,1,9,ACSP12_TELCH12,1987-09-01T00:00:00-03:00,680449.0
1987-10-01,1987,1,10,ACSP12_TELCH12,1987-10-01T00:00:00-03:00,743542.0
1987-11-01,1987,1,11,ACSP12_TELCH12,1987-11-01T00:00:00-03:00,748985.0
1987-12-01,1987,1,12,ACSP12_TELCH12,1987-12-01T00:00:00-02:00,1030887.0
1988-01-01,1988,1,1,ACSP12_TELCH12,1988-01-01T00:00:00-02:00,465416.0
1988-02-01,1988,1,2,ACSP12_TELCH12,1988-02-01T00:00:00-02:00,513626.0
1988-03-01,1988,1,3,ACSP12_TELCH12,1988-03-01T00:00:00-03:00,647992.0
1988-04-01,1988,1,4,ACSP12_TELCH12,1988-04-01T00:00:00-03:00,589980.0
1988-05-01,1988,1,5,ACSP12_TELCH12,1988-05-01T00:00:00-03:00,598396.0
1988-06-01,1988,1,6,ACSP12_TELCH12,1988-06-01T00:00:00-03:00,643059.0
1988-07-01,1988,1,7,ACSP12_TELCH12,1988-07-01T00:00:00-03:00,686483.0
1988-08-01,1988,1,8,ACSP12_TELCH12,1988-08-01T00:00:00-03:00,698086.0
1988-09-01,1988,1,9,ACSP12_TELCH12,1988-09-01T00:00:00-03:00,655184.0
1988-10-01,1988,1,10,ACSP12_TELCH12,1988-10-01T00:00:00-03:00,690811.0
1988-11-01,1988,1,11,ACSP12_TELCH12,1988-11-01T00:00:00-03:00,734315.0
1988-12-01,1988,1,12,ACSP12_TELCH12,1988-12-01T00:00:00-02:00,970256.0
1989-01-01,1989,1,1,ACSP12_TELCH12,1989-01-01T00:00:00-02:00,562644.0
1989-02-01,1989,1,2,ACSP12_TELCH12,1989-02-01T00:00:00-02:00,557167.0
1989-03-01,1989,1,3,ACSP12_TELCH12,1989-03-01T00:00:00-03:00,675483.0
1989-04-01,1989,1,4,ACSP12_TELCH12,1989-04-01T00:00:00-03:00,640155.0
1989-05-01,1989,1,5,ACSP12_TELCH12,1989-05-01T00:00:00-03:00,688178.0
1989-06-01,1989,1,6,ACSP12_TELCH12,1989-06-01T00:00:00-03:00,652892.0
1989-07-01,1989,1,7,ACSP12_TELCH12,1989-07-01T00:00:00-03:00,662294.0
1989-08-01,1989,1,8,ACSP12_TELCH12,1989-08-01T00:00:00-03:00,713852.0
1989-09-01,1989,1,9,ACSP12_TELCH12,1989-09-01T00:00:00-03:00,670559.0
1989-10-01,1989,1,10,ACSP12_TELCH12,1989-10-01T00:00:00-03:00,671159.0
1989-11-01,1989,1,11,ACSP12_TELCH12,1989-11-01T00:00:00-03:00,694832.0
1989-12-01,1989,1,12,ACSP12_TELCH12,1989-12-01T00:00:00-02:00,919895.0
1990-01-01,1990,1,1,ACSP12_TELCH12,1990-01-01T00:00:00-02:00,600798.0
1990-02-01,1990,1,2,ACSP12_TELCH12,1990-02-01T00:00:00-02:00,582230.0
1990-03-01,1990,1,3,ACSP12_TELCH12,1990-03-01T00:00:00-03:00,543931.0
1990-04-01,1990,1,4,ACSP12_TELCH12,1990-04-01T00:00:00-03:00,510010.0
1990-05-01,1990,1,5,ACSP12_TELCH12,1990-05-01T00:00:00-03:00,582754.0
1990-06-01,1990,1,6,ACSP12_TELCH12,1990-06-01T00:00:00-03:00,520900.0
1990-07-01,1990,1,7,ACSP12_TELCH12,1990-07-01T00:00:00-03:00,522201.0
1990-08-01,1990,1,8,ACSP12_TELCH12,1990-08-01T00:00:00-03:00,553166.0
1990-09-01,1990,1,9,ACSP12_TELCH12,1990-09-01T00:00:00-03:00,494696.0
1990-10-01,1990,1,10,ACSP12_TELCH12,1990-10-01T00:00:00-03:00,512581.0
1990-11-01,1990,1,11,ACSP12_TELCH12,1990-11-01T00:00:00-03:00,511890.0
1990-12-01,1990,1,12,ACSP12_TELCH12,1990-12-01T00:00:00-02:00,713966.0
1991-01-01,1991,1,1,ACSP12_TELCH12,1991-01-01T00:00:00-02:00,458573.0
1991-02-01,1991,1,2,ACSP12_TELCH12,1991-02-01T00:00:00-02:00,471326.0
1991-03-01,1991,1,3,ACSP12_TELCH12,1991-03-01T00:00:00-03:00,531087.0
1991-04-01,1991,1,4,ACSP12_TELCH12,1991-04-01T00:00:00-03:00,567505.0
1991-05-01,1991,1,5,ACSP12_TELCH12,1991-05-01T00:00:00-03:00,596271.0
1991-06-01,1991,1,6,ACSP12_TELCH12,1991-06-01T00:00:00-03:00,582499.0
1991-07-01,1991,1,7,ACSP12_TELCH12,1991-07-01T00:00:00-03:00,632708.0
1991-08-01,1991,1,8,ACSP12_TELCH12,1991-08-01T00:00:00-03:00,649364.0
1991-09-01,1991,1,9,ACSP12_TELCH12,1991-09-01T00:00:00-03:00,613784.0
1991-10-01,1991,1,10,ACSP12_TELCH12,1991-10-01T00:00:00-03:00,668499.0
1991-11-01,1991,1,11,ACSP12_TELCH12,1991-11-01T00:00:00-03:00,680101.0
1991-12-01,1991,1,12,ACSP12_TELCH12,1991-12-01T00:00:00-02:00,954773.0
1992-01-01,1992,1,1,ACSP12_TELCH12,1992-01-01T00:00:00-02:00,621079.0
1992-02-01,1992,1,2,ACSP12_TELCH12,1992-02-01T00:00:00-02:00,690161.0
1992-03-01,1992,1,3,ACSP12_TELCH12,1992-03-01T00:00:00-03:00,662562.0
1992-04-01,1992,1,4,ACSP12_TELCH12,1992-04-01T00:00:00-03:00,695359.0
1992-05-01,1992,1,5,ACSP12_TELCH12,1992-05-01T00:00:00-03:00,730718.0
1992-06-01,1992,1,6,ACSP12_TELCH12,1992-06-01T00:00:00-03:00,749091.0
1992-07-01,1992,1,7,ACSP12_TELCH12,1992-07-01T00:00:00-03:00,793893.0
1992-08-01,1992,1,8,ACSP12_TELCH12,1992-08-01T00:00:00-03:00,769743.0
1992-09-01,1992,1,9,ACSP12_TELCH12,1992-09-01T00:00:00-03:00,726887.0
1992-10-01,1992,1,10,ACSP12_TELCH12,1992-10-01T00:00:00-03:00,771175.0
1992-11-01,1992,1,11,ACSP12_TELCH12,1992-11-01T00:00:00-03:00,770847.0
1992-12-01,1992,1,12,ACSP12_TELCH12,1992-12-01T00:00:00-02:00,986898.0
1993-01-01,1993,1,1,ACSP12_TELCH12,1993-01-01T00:00:00-02:00,620860.0
1993-02-01,1993,1,2,ACSP12_TELCH12,1993-02-01T00:00:00-02:00,638357.0
1993-03-01,1993,1,3,ACSP12_TELCH12,1993-03-01T00:00:00-03:00,764204.0
1993-04-01,1993,1,4,ACSP12_TELCH12,1993-04-01T00:00:00-03:00,725608.0
1993-05-01,1993,1,5,ACSP12_TELCH12,1993-05-01T00:00:00-03:00,793100.0
1993-06-01,1993,1,6,ACSP12_TELCH12,1993-06-01T00:00:00-03:00,787521.0
1993-07-01,1993,1,7,ACSP12_TELCH12,1993-07-01T00:00:00-03:00,823828.0
1993-08-01,1993,1,8,ACSP12_TELCH12,1993-08-01T00:00:00-03:00,761651.0
1993-09-01,1993,1,9,ACSP12_TELCH12,1993-09-01T00:00:00-03:00,751135.0
1993-10-01,1993,1,10,ACSP12_TELCH12,1993-10-01T00:00:00-03:00,815532.0
1993-11-01,1993,1,11,ACSP12_TELCH12,1993-11-01T00:00:00-03:00,793629.0
1993-12-01,1993,1,12,ACSP12_TELCH12,1993-12-01T00:00:00-02:00,1068779.0
1994-01-01,1994,1,1,ACSP12_TELCH12,1994-01-01T00:00:00-02:00,693379.0
1994-02-01,1994,1,2,ACSP12_TELCH12,1994-02-01T00:00:00-02:00,675429.0
1994-03-01,1994,1,3,ACSP12_TELCH12,1994-03-01T00:00:00-03:00,821118.0
1994-04-01,1994,1,4,ACSP12_TELCH12,1994-04-01T00:00:00-03:00,724867.0
1994-05-01,1994,1,5,ACSP12_TELCH12,1994-05-01T00:00:00-03:00,755139.0
1994-06-01,1994,1,6,ACSP12_TELCH12,1994-06-01T00:00:00-03:00,715895.0
1994-07-01,1994,1,7,ACSP12_TELCH12,1994-07-01T00:00:00-03:00,641897.0
1994-08-01,1994,1,8,ACSP12_TELCH12,1994-08-01T00:00:00-03:00,735412.0
1994-09-01,1994,1,9,ACSP12_TELCH12,1994-09-01T00:00:00-03:00,704602.0
1994-10-01,1994,1,10,ACSP12_TELCH12,1994-10-01T00:00:00-03:00,691110.0
1994-11-01,1994,1,11,ACSP12_TELCH12,1994-11-01T00:00:00-03:00,685383.0
1994-12-01,1994,1,12,ACSP12_TELCH12,1994-12-01T00:00:00-02:00,889932.0
1995-01-01,1995,1,1,ACSP12_TELCH12,1995-01-01T00:00:00-02:00,617612.0
1995-02-01,1995,1,2,ACSP12_TELCH12,1995-02-01T00:00:00-02:00,628979.0
1995-03-01,1995,1,3,ACSP12_TELCH12,1995-03-01T00:00:00-03:00,739264.0
1995-04-01,1995,1,4,ACSP12_TELCH12,1995-04-01T00:00:00-03:00,685062.0
1995-05-01,1995,1,5,ACSP12_TELCH12,1995-05-01T00:00:00-03:00,821139.0
1995-06-01,1995,1,6,ACSP12_TELCH12,1995-06-01T00:00:00-03:00,832777.0
1995-07-01,1995,1,7,ACSP12_TELCH12,1995-07-01T00:00:00-03:00,943862.0
1995-08-01,1995,1,8,ACSP12_TELCH12,1995-08-01T00:00:00-03:00,949753.0
1995-09-01,1995,1,9,ACSP12_TELCH12,1995-09-01T00:00:00-03:00,962179.0
1995-10-01,1995,1,10,ACSP12_TELCH12,1995-10-01T00:00:00-03:00,997978.0
1995-11-01,1995,1,11,ACSP12_TELCH12,1995-11-01T00:00:00-03:00,1005292.0
1995-12-01,1995,1,12,ACSP12_TELCH12,1995-12-01T00:00:00-02:00,1319181.0
1996-01-01,1996,1,1,ACSP12_TELCH12,1996-01-01T00:00:00-02:00,865347.0
1996-02-01,1996,1,2,ACSP12_TELCH12,1996-02-01T00:00:00-02:00,869240.0
1996-03-01,1996,1,3,ACSP12_TELCH12,1996-03-01T00:00:00-03:00,976301.0
1996-04-01,1996,1,4,ACSP12_TELCH12,1996-04-01T00:00:00-03:00,939004.0
1996-05-01,1996,1,5,ACSP12_TELCH12,1996-05-01T00:00:00-03:00,1060190.0
1996-06-01,1996,1,6,ACSP12_TELCH12,1996-06-01T00:00:00-03:00,968390.0
1996-07-01,1996,1,7,ACSP12_TELCH12,1996-07-01T00:00:00-03:00,1115510.0
1996-08-01,1996,1,8,ACSP12_TELCH12,1996-08-01T00:00:00-03:00,1072689.0
1996-09-01,1996,1,9,ACSP12_TELCH12,1996-09-01T00:00:00-03:00,975591.0
1996-10-01,1996,1,10,ACSP12_TELCH12,1996-10-01T00:00:00-03:00,1078046.0
1996-11-01,1996,1,11,ACSP12_TELCH12,1996-11-01T00:00:00-03:00,1116081.0
1996-12-01,1996,1,12,ACSP12_TELCH12,1996-12-01T00:00:00-02:00,1369878.0
1997-01-01,1997,1,1,ACSP12_TELCH12,1997-01-01T00:00:00-02:00,1005710.0
1997-02-01,1997,1,2,ACSP12_TELCH12,1997-02-01T00:00:00-02:00,947702.0
1997-03-01,1997,1,3,ACSP12_TELCH12,1997-03-01T00:00:00-03:00,1148796.0
1997-04-01,1997,1,4,ACSP12_TELCH12,1997-04-01T00:00:00-03:00,1166410.0
1997-05-01,1997,1,5,ACSP12_TELCH12,1997-05-01T00:00:00-03:00,1250983.0
1997-06-01,1997,1,6,ACSP12_TELCH12,1997-06-01T00:00:00-03:00,1221991.0
1997-07-01,1997,1,7,ACSP12_TELCH12,1997-07-01T00:00:00-03:00,1447852.0
1997-08-01,1997,1,8,ACSP12_TELCH12,1997-08-01T00:00:00-03:00,1445026.0
1997-09-01,1997,1,9,ACSP12_TELCH12,1997-09-01T00:00:00-03:00,1468549.0
1997-10-01,1997,1,10,ACSP12_TELCH12,1997-10-01T00:00:00-03:00,1646344.0
1997-11-01,1997,1,11,ACSP12_TELCH12,1997-11-01T00:00:00-03:00,1552126.0
1997-12-01,1997,1,12,ACSP12_TELCH12,1997-12-01T00:00:00-02:00,2085486.0
1998-01-01,1998,1,1,ACSP12_TELCH12,1998-01-01T00:00:00-02:00,1493526.0
1998-02-01,1998,1,2,ACSP12_TELCH12,1998-02-01T00:00:00-02:00,1593850.0
1998-03-01,1998,1,3,ACSP12_TELCH12,1998-03-01T00:00:00-03:00,1593850.0
1998-04-01,1998,1,4,ACSP12_TELCH12,1998-04-01T00:00:00-03:00,1555414.0
1998-05-01,1998,1,5,ACSP12_TELCH12,1998-05-01T00:00:00-03:00,1738196.0
1998-06-01,1998,1,6,ACSP12_TELCH12,1998-06-01T00:00:00-03:00,1546219.0
1998-07-01,1998,1,7,ACSP12_TELCH12,1998-07-01T00:00:00-03:00,1625757.0
1998-08-01,1998,1,8,ACSP12_TELCH12,1998-08-01T00:00:00-03:00,1670546.0
1998-09-01,1998,1,9,ACSP12_TELCH12,1998-09-01T00:00:00-03:00,1579029.0
1998-10-01,1998,1,10,ACSP12_TELCH12,1998-10-01T00:00:00-03:00,1729439.0
1998-11-01,1998,1,11,ACSP12_TELCH12,1998-11-01T00:00:00-03:00,1599048.0
1998-12-01,1998,1,12,ACSP12_TELCH12,1998-12-01T00:00:00-02:00,2160602.0
1999-01-01,1999,1,1,ACSP12_TELCH12,1999-01-01T00:00:00-02:00,1412010.0
1999-02-01,1999,1,2,ACSP12_TELCH12,1999-02-01T00:00:00-02:00,1267466.0
1999-03-01,1999,1,3,ACSP12_TELCH12,1999-03-01T00:00:00-03:00,1436259.0
1999-04-01,1999,1,4,ACSP12_TELCH12,1999-04-01T00:00:00-03:00,1323703.0
1999-05-01,1999,1,5,ACSP12_TELCH12,1999-05-01T00:00:00-03:00,1534747.0
1999-06-01,1999,1,6,ACSP12_TELCH12,1999-06-01T00:00:00-03:00,1445887.0
1999-07-01,1999,1,7,ACSP12_TELCH12,1999-07-01T00:00:00-03:00,1486937.0
1999-08-01,1999,1,8,ACSP12_TELCH12,1999-08-01T00:00:00-03:00,1493648.0
1999-09-01,1999,1,9,ACSP12_TELCH12,1999-09-01T00:00:00-03:00,1429452.0
1999-10-01,1999,1,10,ACSP12_TELCH12,1999-10-01T00:00:00-03:00,1510673.0
1999-11-01,1999,1,11,ACSP12_TELCH12,1999-11-01T00:00:00-03:00,1503654.0
1999-12-01,1999,1,12,ACSP12_TELCH12,1999-12-01T00:00:00-02:00,1961455.0
2000-01-01,2000,1,1,ACSP12_TELCH12,2000-01-01T00:00:00-02:00,1303162.0
2000-02-01,2000,1,2,ACSP12_TELCH12,2000-02-01T00:00:00-02:00,1395497.0
2000-03-01,2000,1,3,ACSP12_TELCH12,2000-03-01T00:00:00-03:00,1455637.0
2000-04-01,2000,1,4,ACSP12_TELCH12,2000-04-01T00:00:00-03:00,1455754.0
2000-05-01,2000,1,5,ACSP12_TELCH12,2000-05-01T00:00:00-03:00,1638495.0
2000-06-01,2000,1,6,ACSP12_TELCH12,2000-06-01T00:00:00-03:00,1623429.0
2000-07-01,2000,1,7,ACSP12_TELCH12,2000-07-01T00:00:00-03:00,1642394.0
2000-08-01,2000,1,8,ACSP12_TELCH12,2000-08-01T00:00:00-03:00,1723035.0
2000-09-01,2000,1,9,ACSP12_TELCH12,2000-09-01T00:00:00-03:00,1575551.0
2000-10-01,2000,1,10,ACSP12_TELCH12,2000-10-01T00:00:00-03:00,1570823.0
2000-11-01,2000,1,11,ACSP12_TELCH12,2000-11-01T00:00:00-03:00,1679977.0
2000-12-01,2000,1,12,ACSP12_TELCH12,2000-12-01T00:00:00-02:00,2017352.0
2001-01-01,2001,1,1,ACSP12_TELCH12,2001-01-01T00:00:00-02:00,1417592.0
2001-02-01,2001,1,2,ACSP12_TELCH12,2001-02-01T00:00:00-02:00,1396098.0
2001-03-01,2001,1,3,ACSP12_TELCH12,2001-03-01T00:00:00-03:00,1606760.0
2001-04-01,2001,1,4,ACSP12_TELCH12,2001-04-01T00:00:00-03:00,1476134.0
2001-05-01,2001,1,5,ACSP12_TELCH12,2001-05-01T00:00:00-03:00,1708975.0
2001-06-01,2001,1,6,ACSP12_TELCH12,2001-06-01T00:00:00-03:00,1699800.0
2001-07-01,2001,1,7,ACSP12_TELCH12,2001-07-01T00:00:00-03:00,1661274.0
2001-08-01,2001,1,8,ACSP12_TELCH12,2001-08-01T00:00:00-03:00,1717361.0
2001-09-01,2001,1,9,ACSP12_TELCH12,2001-09-01T00:00:00-03:00,1630545.0
2001-10-01,2001,1,10,ACSP12_TELCH12,2001-10-01T00:00:00-03:00,1598981.0
2001-11-01,2001,1,11,ACSP12_TELCH12,2001-11-01T00:00:00-03:00,1678460.0
2001-12-01,2001,1,12,ACSP12_TELCH12,2001-12-01T00:00:00-02:00,2126224.0
2002-01-01,2002,1,1,ACSP12_TELCH12,2002-01-01T00:00:00-02:00,1557001.0
2002-02-01,2002,1,2,ACSP12_TELCH12,2002-02-01T00:00:00-02:00,1434850.0
2002-03-01,2002,1,3,ACSP12_TELCH12,2002-03-01T00:00:00-03:00,1576014.0
2002-04-01,2002,1,4,ACSP12_TELCH12,2002-04-01T00:00:00-03:00,1691926.0
2002-05-01,2002,1,5,ACSP12_TELCH12,2002-05-01T00:00:00-03:00,1812923.0
2002-06-01,2002,1,6,ACSP12_TELCH12,2002-06-01T00:00:00-03:00,1811286.0
2002-07-01,2002,1,7,ACSP12_TELCH12,2002-07-01T00:00:00-03:00,1951258.0
2002-08-01,2002,1,8,ACSP12_TELCH12,2002-08-01T00:00:00-03:00,2029528.0
2002-09-01,2002,1,9,ACSP12_TELCH12,2002-09-01T00:00:00-03:00,1882867.0
2002-10-01,2002,1,10,ACSP12_TELCH12,2002-10-01T00:00:00-03:00,2003833.0
2002-11-01,2002,1,11,ACSP12_TELCH12,2002-11-01T00:00:00-03:00,1951594.0
2002-12-01,2002,1,12,ACSP12_TELCH12,2002-12-01T00:00:00-02:00,2148707.0
2003-01-01,2003,1,1,ACSP12_TELCH12,2003-01-01T00:00:00-02:00,1630761.0
2003-02-01,2003,1,2,ACSP12_TELCH12,2003-02-01T00:00:00-02:00,1505161.0
2003-03-01,2003,1,3,ACSP12_TELCH12,2003-03-01T00:00:00-03:00,1539324.0
2003-04-01,2003,1,4,ACSP12_TELCH12,2003-04-01T00:00:00-03:00,1581769.0
2003-05-01,2003,1,5,ACSP12_TELCH12,2003-05-01T00:00:00-03:00,1739270.0
2003-06-01,2003,1,6,ACSP12_TELCH12,2003-06-01T00:00:00-03:00,1735346.0
2003-07-01,2003,1,7,ACSP12_TELCH12,2003-07-01T00:00:00-03:00,1862412.0
2003-08-01,2003,1,8,ACSP12_TELCH12,2003-08-01T00:00:00-03:00,1917836.0
2003-09-01,2003,1,9,ACSP12_TELCH12,2003-09-01T00:00:00-03:00,1831443.0
2003-10-01,2003,1,10,ACSP12_TELCH12,2003-10-01T00:00:00-03:00,1996733.0
2003-11-01,2003,1,11,ACSP12_TELCH12,2003-11-01T00:00:00-03:00,1946062.0
2003-12-01,2003,1,12,ACSP12_TELCH12,2003-12-01T00:00:00-02:00,2279553.0
2004-01-01,2004,1,1,ACSP12_TELCH12,2004-01-01T00:00:00-02:00,1557236.0
2004-02-01,2004,1,2,ACSP12_TELCH12,2004-02-01T00:00:00-02:00,1478068.0
2004-03-01,2004,1,3,ACSP12_TELCH12,2004-03-01T00:00:00-03:00,1677906.0
2004-04-01,2004,1,4,ACSP12_TELCH12,2004-04-01T00:00:00-03:00,1576619.0
2004-05-01,2004,1,5,ACSP12_TELCH12,2004-05-01T00:00:00-03:00,1783392.0
2004-06-01,2004,1,6,ACSP12_TELCH12,2004-06-01T00:00:00-03:00,1773391.0
2004-07-01,2004,1,7,ACSP12_TELCH12,2004-07-01T00:00:00-03:00,1949987.0
2004-08-01,2004,1,8,ACSP12_TELCH12,2004-08-01T00:00:00-03:00,1917847.0
2004-09-01,2004,1,9,ACSP12_TELCH12,2004-09-01T00:00:00-03:00,1800675.0
2004-10-01,2004,1,10,ACSP12_TELCH12,2004-10-01T00:00:00-03:00,1991069.0
2004-11-01,2004,1,11,ACSP12_TELCH12,2004-11-01T00:00:00-03:00,2041418.0
2004-12-01,2004,1,12,ACSP12_TELCH12,2004-12-01T00:00:00-02:00,2494445.0
2005-01-01,2005,1,1,ACSP12_TELCH12,2005-01-01T00:00:00-02:00,1652998.0
2005-02-01,2005,1,2,ACSP12_TELCH12,2005-02-01T00:00:00-02:00,1533320.0
2005-03-01,2005,1,3,ACSP12_TELCH12,2005-03-01T00:00:00-03:00,1714350.0
2005-04-01,2005,1,4,ACSP12_TELCH12,2005-04-01T00:00:00-03:00,1688209.0
2005-05-01,2005,1,5,ACSP12_TELCH12,2005-05-01T00:00:00-03:00,1840408.0
2005-06-01,2005,1,6,ACSP12_TELCH12,2005-06-01T00:00:00-03:00,1855286.0
2005-07-01,2005,1,7,ACSP12_TELCH12,2005-07-01T00:00:00-03:00,1951603.0
2005-08-01,2005,1,8,ACSP12_TELCH12,2005-08-01T00:00:00-03:00,1963655.0
2005-09-01,2005,1,9,ACSP12_TELCH12,2005-09-01T00:00:00-03:00,1756095.0
2005-10-01,2005,1,10,ACSP12_TELCH12,2005-10-01T00:00:00-03:00,2044947.0
2005-11-01,2005,1,11,ACSP12_TELCH12,2005-11-01T00:00:00-02:00,2165160.0
2005-12-01,2005,1,12,ACSP12_TELCH12,2005-12-01T00:00:00-02:00,2709228.0
2006-01-01,2006,1,1,ACSP12_TELCH12,2006-01-01T00:00:00-02:00,1784844.0
2006-02-01,2006,1,2,ACSP12_TELCH12,2006-02-01T00:00:00-02:00,1610211.0
2006-03-01,2006,1,3,ACSP12_TELCH12,2006-03-01T00:00:00-03:00,1864673.0
2006-04-01,2006,1,4,ACSP12_TELCH12,2006-04-01T00:00:00-03:00,1727699.0
2006-05-01,2006,1,5,ACSP12_TELCH12,2006-05-01T00:00:00-03:00,2013998.0
2006-06-01,2006,1,6,ACSP12_TELCH12,2006-06-01T00:00:00-03:00,1948165.0
2006-07-01,2006,1,7,ACSP12_TELCH12,2006-07-01T00:00:00-03:00,2079502.0
2006-08-01,2006,1,8,ACSP12_TELCH12,2006-08-01T00:00:00-03:00,2075391.0
2006-09-01,2006,1,9,ACSP12_TELCH12,2006-09-01T00:00:00-03:00,1842520.0
2006-10-01,2006,1,10,ACSP12_TELCH12,2006-10-01T00:00:00-03:00,2122879.0
2006-11-01,2006,1,11,ACSP12_TELCH12,2006-11-01T00:00:00-03:00,2248608.0
2006-12-01,2006,1,12,ACSP12_TELCH12,2006-12-01T00:00:00-02:00,2839795.0
2007-01-01,2007,1,1,ACSP12_TELCH12,2007-01-01T00:00:00-02:00,1831802.0
2007-02-01,2007,1,2,ACSP12_TELCH12,2007-02-01T00:00:00-02:00,1640329.0
2007-03-01,2007,1,3,ACSP12_TELCH12,2007-03-01T00:00:00-03:00,1966617.0
2007-04-01,2007,1,4,ACSP12_TELCH12,2007-04-01T00:00:00-03:00,1831533.0
2007-05-01,2007,1,5,ACSP12_TELCH12,2007-05-01T00:00:00-03:00,2137415.0
2007-06-01,2007,1,6,ACSP12_TELCH12,2007-06-01T00:00:00-03:00,2120340.0
2007-07-01,2007,1,7,ACSP12_TELCH12,2007-07-01T00:00:00-03:00,2202554.0
2007-08-01,2007,1,8,ACSP12_TELCH12,2007-08-01T00:00:00-03:00,2198767.0
2007-09-01,2007,1,9,ACSP12_TELCH12,2007-09-01T00:00:00-03:00,1924409.0
2007-10-01,2007,1,10,ACSP12_TELCH12,2007-10-01T00:00:00-03:00,2318667.0
2007-11-01,2007,1,11,ACSP12_TELCH12,2007-11-01T00:00:00-02:00,2408285.0
2007-12-01,2007,1,12,ACSP12_TELCH12,2007-12-01T00:00:00-02:00,3058498.0
2008-01-01,2008,1,1,ACSP12_TELCH12,2008-01-01T00:00:00-02:00,1977466.0
2008-02-01,2008,1,2,ACSP12_TELCH12,2008-02-01T00:00:00-02:00,1783089.0
2008-03-01,2008,1,3,ACSP12_TELCH12,2008-03-01T00:00:00-03:00,2029991.0
2008-04-01,2008,1,4,ACSP12_TELCH12,2008-04-01T00:00:00-03:00,2068434.0
2008-05-01,2008,1,5,ACSP12_TELCH12,2008-05-01T00:00:00-03:00,2218451.0
2008-06-01,2008,1,6,ACSP12_TELCH12,2008-06-01T00:00:00-03:00,2217051.0
2008-07-01,2008,1,7,ACSP12_TELCH12,2008-07-01T00:00:00-03:00,2317660.0
2008-08-01,2008,1,8,ACSP12_TELCH12,2008-08-01T00:00:00-03:00,2195026.0
2008-09-01,2008,1,9,ACSP12_TELCH12,2008-09-01T00:00:00-03:00,2051978.0
2008-10-01,2008,1,10,ACSP12_TELCH12,2008-10-01T00:00:00-03:00,2283022.0
2008-11-01,2008,1,11,ACSP12_TELCH12,2008-11-01T00:00:00-02:00,2389463.0
2008-12-01,2008,1,12,ACSP12_TELCH12,2008-12-01T00:00:00-02:00,3214512.0
2009-01-01,2009,1,1,ACSP12_TELCH12,2009-01-01T00:00:00-02:00,1878271.0
2009-02-01,2009,1,2,ACSP12_TELCH12,2009-02-01T00:00:00-02:00,1684839.0
2009-03-01,2009,1,3,ACSP12_TELCH12,2009-03-01T00:00:00-03:00,2040909.0
2009-04-01,2009,1,4,ACSP12_TELCH12,2009-04-01T00:00:00-03:00,1862134.0
2009-05-01,2009,1,5,ACSP12_TELCH12,2009-05-01T00:00:00-03:00,2197106.0
2009-06-01,2009,1,6,ACSP12_TELCH12,2009-06-01T00:00:00-03:00,2283138.0
2009-07-01,2009,1,7,ACSP12_TELCH12,2009-07-01T00:00:00-03:00,2415394.0
2009-08-01,2009,1,8,ACSP12_TELCH12,2009-08-01T00:00:00-03:00,2325084.0
2009-09-01,2009,1,9,ACSP12_TELCH12,2009-09-01T00:00:00-03:00,2051191.0
2009-10-01,2009,1,10,ACSP12_TELCH12,2009-10-01T00:00:00-03:00,2371468.0
2009-11-01,2009,1,11,ACSP12_TELCH12,2009-11-01T00:00:00-02:00,2494833.0
2009-12-01,2009,1,12,ACSP12_TELCH12,2009-12-01T00:00:00-02:00,3452866.0
2010-01-01,2010,1,1,ACSP12_TELCH12,2010-01-01T00:00:00-02:00,1948879.0
2010-02-01,2010,1,2,ACSP12_TELCH12,2010-02-01T00:00:00-02:00,1788257.0
2010-03-01,2010,1,3,ACSP12_TELCH12,2010-03-01T00:00:00-03:00,2224998.0
2010-04-01,2010,1,4,ACSP12_TELCH12,2010-04-01T00:00:00-03:00,1995881.0
2010-05-01,2010,1,5,ACSP12_TELCH12,2010-05-01T00:00:00-03:00,2345750.0
2010-06-01,2010,1,6,ACSP12_TELCH12,2010-06-01T00:00:00-03:00,2391986.0
2010-07-01,2010,1,7,ACSP12_TELCH12,2010-07-01T00:00:00-03:00,2533299.0
2010-08-01,2010,1,8,ACSP12_TELCH12,2010-08-01T00:00:00-03:00,2485554.0
2010-09-01,2010,1,9,ACSP12_TELCH12,2010-09-01T00:00:00-03:00,2214099.0
2010-10-01,2010,1,10,ACSP12_TELCH12,2010-10-01T00:00:00-03:00,2558617.0
2010-11-01,2010,1,11,ACSP12_TELCH12,2010-11-01T00:00:00-02:00,2750597.0
2010-12-01,2010,1,12,ACSP12_TELCH12,2010-12-01T00:00:00-02:00,3999662.0
2011-01-01,2011,1,1,ACSP12_TELCH12,2011-01-01T00:00:00-02:00,2174628.0
2011-02-01,2011,1,2,ACSP12_TELCH12,2011-02-01T00:00:00-02:00,2119719.0
2011-03-01,2011,1,3,ACSP12_TELCH12,2011-03-01T00:00:00-03:00,2147792.0
2011-04-01,2011,1,4,ACSP12_TELCH12,2011-04-01T00:00:00-03:00,2083646.0
2011-05-01,2011,1,5,ACSP12_TELCH12,2011-05-01T00:00:00-03:00,2505346.0
2011-06-01,2011,1,6,ACSP12_TELCH12,2011-06-01T00:00:00-03:00,2551883.0
2011-07-01,2011,1,7,ACSP12_TELCH12,2011-07-01T00:00:00-03:00,2535119.0
2011-08-01,2011,1,8,ACSP12_TELCH12,2011-08-01T00:00:00-03:00,2553920.0
2011-09-01,2011,1,9,ACSP12_TELCH12,2011-09-01T00:00:00-03:00,2250414.0
2011-10-01,2011,1,10,ACSP12_TELCH12,2011-10-01T00:00:00-03:00,2557909.0
2011-11-01,2011,1,11,ACSP12_TELCH12,2011-11-01T00:00:00-02:00,2762149.0
2011-12-01,2011,1,12,ACSP12_TELCH12,2011-12-01T00:00:00-02:00,4102098.0
2012-01-01,2012,1,1,ACSP12_TELCH12,2012-01-01T00:00:00-02:00,2075998.0
2012-02-01,2012,1,2,ACSP12_TELCH12,2012-02-01T00:00:00-02:00,2075998.0
2012-03-01,2012,1,3,ACSP12_TELCH12,2012-03-01T00:00:00-03:00,2252819.0
2012-04-01,2012,1,4,ACSP12_TELCH12,2012-04-01T00:00:00-03:00,2124298.0
2012-05-01,2012,1,5,ACSP12_TELCH12,2012-05-01T00:00:00-03:00,2637152.0
2012-06-01,2012,1,6,ACSP12_TELCH12,2012-06-01T00:00:00-03:00,2559283.0
2012-07-01,2012,1,7,ACSP12_TELCH12,2012-07-01T00:00:00-03:00,2572005.0
2012-08-01,2012,1,8,ACSP12_TELCH12,2012-08-01T00:00:00-03:00,2547280.0
2012-09-01,2012,1,9,ACSP12_TELCH12,2012-09-01T00:00:00-03:00,2253475.0
2012-10-01,2012,1,10,ACSP12_TELCH12,2012-10-01T00:00:00-03:00,2702687.0
2012-11-01,2012,1,11,ACSP12_TELCH12,2012-11-01T00:00:00-02:00,2810763.0
2012-12-01,2012,1,12,ACSP12_TELCH12,2012-12-01T00:00:00-02:00,4346214.0
2013-01-01,2013,1,1,ACSP12_TELCH12,2013-01-01T00:00:00-02:00,2382782.0
2013-02-01,2013,1,2,ACSP12_TELCH12,2013-02-01T00:00:00-02:00,2073715.0
2013-03-01,2013,1,3,ACSP12_TELCH12,2013-03-01T00:00:00-03:00,2221766.0
2013-04-01,2013,1,4,ACSP12_TELCH12,2013-04-01T00:00:00-03:00,2194275.0
2013-05-01,2013,1,5,ACSP12_TELCH12,2013-05-01T00:00:00-03:00,2636097.0
2013-06-01,2013,1,6,ACSP12_TELCH12,2013-06-01T00:00:00-03:00,2454528.0
2013-07-01,2013,1,7,ACSP12_TELCH12,2013-07-01T00:00:00-03:00,2597982.0
2013-08-01,2013,1,8,ACSP12_TELCH12,2013-08-01T00:00:00-03:00,2590433.0
2013-09-01,2013,1,9,ACSP12_TELCH12,2013-09-01T00:00:00-03:00,2278540.0
2013-10-01,2013,1,10,ACSP12_TELCH12,2013-10-01T00:00:00-03:00,2781149.0
2013-11-01,2013,1,11,ACSP12_TELCH12,2013-11-01T00:00:00-02:00,2868224.0
2013-12-01,2013,1,12,ACSP12_TELCH12,2013-12-01T00:00:00-02:00,4387208.0
2014-01-01,2014,1,1,ACSP12_TELCH12,2014-01-01T00:00:00-02:00,2453680.0
2014-02-01,2014,1,2,ACSP12_TELCH12,2014-02-01T00:00:00-02:00,2244805.0
2014-03-01,2014,1,3,ACSP12_TELCH12,2014-03-01T00:00:00-03:00,2298575.0
2014-04-01,2014,1,4,ACSP12_TELCH12,2014-04-01T00:00:00-03:00,2002934.0
2014-05-01,2014,1,5,ACSP12_TELCH12,2014-05-01T00:00:00-03:00,2906297.0
2014-06-01,2014,1,6,ACSP12_TELCH12,2014-06-01T00:00:00-03:00,2384416.0
2014-07-01,2014,1,7,ACSP12_TELCH12,2014-07-01T00:00:00-03:00,2606132.0
2014-08-01,2014,1,8,ACSP12_TELCH12,2014-08-01T00:00:00-03:00,2597601.0
2014-09-01,2014,1,9,ACSP12_TELCH12,2014-09-01T00:00:00-03:00,2318009.0
2014-10-01,2014,1,10,ACSP12_TELCH12,2014-10-01T00:00:00-03:00,2830483.0
2014-11-01,2014,1,11,ACSP12_TELCH12,2014-11-01T00:00:00-02:00,2964095.0
2014-12-01,2014,1,12,ACSP12_TELCH12,2014-12-01T00:00:00-02:00,4448172.0
2015-01-01,2015,1,1,ACSP12_TELCH12,2015-01-01T00:00:00-02:00,2374570.0
2015-02-01,2015,1,2,ACSP12_TELCH12,2015-02-01T00:00:00-02:00,2019025.0
2015-03-01,2015,1,3,ACSP12_TELCH12,2015-03-01T00:00:00-03:00,2329029.0
2015-04-01,2015,1,4,ACSP12_TELCH12,2015-04-01T00:00:00-03:00,1938519.0
2015-05-01,2015,1,5,ACSP12_TELCH12,2015-05-01T00:00:00-03:00,2713039.0
2015-06-01,2015,1,6,ACSP12_TELCH12,2015-06-01T00:00:00-03:00,2289599.0
2015-07-01,2015,1,7,ACSP12_TELCH12,2015-07-01T00:00:00-03:00,2474209.0
2015-08-01,2015,1,8,ACSP12_TELCH12,2015-08-01T00:00:00-03:00,2342249.0
2015-09-01,2015,1,9,ACSP12_TELCH12,2015-09-01T00:00:00-03:00,2082884.0
2015-10-01,2015,1,10,ACSP12_TELCH12,2015-10-01T00:00:00-03:00,2323658.0
2015-11-01,2015,1,11,ACSP12_TELCH12,2015-11-01T00:00:00-02:00,2587326.0
2015-12-01,2015,1,12,ACSP12_TELCH12,2015-12-01T00:00:00-02:00,3673107.0
2016-01-01,2016,1,1,ACSP12_TELCH12,2016-01-01T00:00:00-02:00,1921590.0
2016-02-01,2016,1,2,ACSP12_TELCH12,2016-02-01T00:00:00-02:00,1743397.0
2016-03-01,2016,1,3,ACSP12_TELCH12,2016-03-01T00:00:00-03:00,1916765.0
2016-04-01,2016,1,4,ACSP12_TELCH12,2016-04-01T00:00:00-03:00,1640396.0
2016-05-01,2016,1,5,ACSP12_TELCH12,2016-05-01T00:00:00-03:00,2179919.0
2016-06-01,2016,1,6,ACSP12_TELCH12,2016-06-01T00:00:00-03:00,2183862.0
2016-07-01,2016,1,7,ACSP12_TELCH12,2016-07-01T00:00:00-03:00,2128905.0
2016-08-01,2016,1,8,ACSP12_TELCH12,2016-08-01T00:00:00-03:00,2220519.0
2016-09-01,2016,1,9,ACSP12_TELCH12,2016-09-01T00:00:00-03:00,1864645.0
2016-10-01,2016,1,10,ACSP12_TELCH12,2016-10-01T00:00:00-03:00,2112899.0
2016-11-01,2016,1,11,ACSP12_TELCH12,2016-11-01T00:00:00-02:00,2324180.0
2016-12-01,2016,1,12,ACSP12_TELCH12,2016-12-01T00:00:00-02:00,3462151.0
2017-01-01,2017,1,1,ACSP12_TELCH12,2017-01-01T00:00:00-02:00,1802792.0
2017-02-01,2017,1,2,ACSP12_TELCH12,2017-02-01T00:00:00-02:00,1659392.0
2017-03-01,2017,1,3,ACSP12_TELCH12,2017-03-01T00:00:00-03:00,1867999.0
2017-04-01,2017,1,4,ACSP12_TELCH12,2017-04-01T00:00:00-03:00,1570731.0
2017-05-01,2017,1,5,ACSP12_TELCH12,2017-05-01T00:00:00-03:00,2205197.0
2017-06-01,2017,1,6,ACSP12_TELCH12,2017-06-01T00:00:00-03:00,2214325.0
2017-07-01,2017,1,7,ACSP12_TELCH12,2017-07-01T00:00:00-03:00,2159971.0
2017-08-01,2017,1,8,ACSP12_TELCH12,2017-08-01T00:00:00-03:00,2273130.0
2017-09-01,2017,1,9,ACSP12_TELCH12,2017-09-01T00:00:00-03:00,1937962.0
2017-10-01,2017,1,10,ACSP12_TELCH12,2017-10-01T00:00:00-03:00,2180207.0
2017-11-01,2017,1,11,ACSP12_TELCH12,2017-11-01T00:00:00-02:00,2399542.0
2017-12-01,2017,1,12,ACSP12_TELCH12,2017-12-01T00:00:00-02:00,3570287.0
2018-01-01,2018,1,1,ACSP12_TELCH12,2018-01-01T00:00:00-02:00,1848184.0
2018-02-01,2018,1,2,ACSP12_TELCH12,2018-02-01T00:00:00-02:00,1726455.0
2018-03-01,2018,1,3,ACSP12_TELCH12,2018-03-01T00:00:00-03:00,1878028.0
2018-04-01,2018,1,4,ACSP12_TELCH12,2018-04-01T00:00:00-03:00,1535198.0
2018-05-01,2018,1,5,ACSP12_TELCH12,2018-05-01T00:00:00-03:00,2086161.0
2018-06-01,2018,1,6,ACSP12_TELCH12,2018-06-01T00:00:00-03:00,2087539.0
2018-07-01,2018,1,7,ACSP12_TELCH12,2018-07-01T00:00:00-03:00,2073957.0
2018-08-01,2018,1,8,ACSP12_TELCH12,2018-08-01T00:00:00-03:00,2257206.0
2018-09-01,2018,1,9,ACSP12_TELCH12,2018-09-01T00:00:00-03:00,1879903.0
2018-10-01,2018,1,10,ACSP12_TELCH12,2018-10-01T00:00:00-03:00,2098013.0
2018-11-01,2018,1,11,ACSP12_TELCH12,2018-11-01T00:00:00-03:00,2351752.0
2018-12-01,2018,1,12,ACSP12_TELCH12,2018-12-01T00:00:00-02:00,3644008.0
2019-01-01,2019,1,1,ACSP12_TELCH12,2019-01-01T00:00:00-02:00,1937064.0
2019-02-01,2019,1,2,ACSP12_TELCH12,2019-02-01T00:00:00-02:00,1844562.0
2019-03-01,2019,1,3,ACSP12_TELCH12,2019-03-01T00:00:00-03:00,1822977.0
2019-04-01,2019,1,4,ACSP12_TELCH12,2019-04-01T00:00:00-03:00,1633816.0
2019-05-01,2019,1,5,ACSP12_TELCH12,2019-05-01T00:00:00-03:00,2198740.0
2019-06-01,2019,1,6,ACSP12_TELCH12,2019-06-01T00:00:00-03:00,1978986.0
2019-07-01,2019,1,7,ACSP12_TELCH12,2019-07-01T00:00:00-03:00,2158185.0
2019-08-01,2019,1,8,ACSP12_TELCH12,2019-08-01T00:00:00-03:00,2289474.0
2019-09-01,2019,1,9,ACSP12_TELCH12,2019-09-01T00:00:00-03:00,1925885.0
2019-10-01,2019,1,10,ACSP12_TELCH12,2019-10-01T00:00:00-03:00,2175240.0
2019-11-01,2019,1,11,ACSP12_TELCH12,2019-11-01T00:00:00-03:00,2530521.0
2019-12-01,2019,1,12,ACSP12_TELCH12,2019-12-01T00:00:00-03:00,3974811.0
2020-01-01,2020,1,1,ACSP12_TELCH12,2020-01-01T00:00:00-03:00,2055725.0
2020-02-01,2020,1,2,ACSP12_TELCH12,2020-02-01T00:00:00-03:00,1874864.0
2020-03-01,2020,1,3,ACSP12_TELCH12,2020-03-01T00:00:00-03:00,1392572.0
2020-04-01,2020,1,4,ACSP12_TELCH12,2020-04-01T00:00:00-03:00,505993.0
2020-05-01,2020,1,5,ACSP12_TELCH12,2020-05-01T00:00:00-03:00,518038.0
2020-06-01,2020,1,6,ACSP12_TELCH12,2020-06-01T00:00:00-03:00,763298.0
2020-07-01,2020,1,7,ACSP12_TELCH12,2020-07-01T00:00:00-03:00,870159.0
2020-08-01,2020,1,8,ACSP12_TELCH12,2020-08-01T00:00:00-03:00,1012887.0
2020-09-01,2020,1,9,ACSP12_TELCH12,2020-09-01T00:00:00-03:00,1222525.0
2020-10-01,2020,1,10,ACSP12_TELCH12,2020-10-01T00:00:00-03:00,1553121.0
2020-11-01,2020,1,11,ACSP12_TELCH12,2020-11-01T00:00:00-03:00,1943644.0
2020-12-01,2020,1,12,ACSP12_TELCH12,2020-12-01T00:00:00-03:00,2552782.0
