DATE,YEAR,DAY,MONTH,CODE,RAW DATE,VALUE (Barril)
1979-01-01,1979,1,1,ANP12_CDEPET12,1979-01-01T00:00:00-02:00,1121.0
1979-02-01,1979,1,2,ANP12_CDEPET12,1979-02-01T00:00:00-02:00,1044.0
1979-03-01,1979,1,3,ANP12_CDEPET12,1979-03-01T00:00:00-03:00,1034.0
1979-04-01,1979,1,4,ANP12_CDEPET12,1979-04-01T00:00:00-03:00,1073.0
1979-05-01,1979,1,5,ANP12_CDEPET12,1979-05-01T00:00:00-03:00,1098.0
1979-06-01,1979,1,6,ANP12_CDEPET12,1979-06-01T00:00:00-03:00,1089.0
1979-07-01,1979,1,7,ANP12_CDEPET12,1979-07-01T00:00:00-03:00,1115.0
1979-08-01,1979,1,8,ANP12_CDEPET12,1979-08-01T00:00:00-03:00,1161.0
1979-09-01,1979,1,9,ANP12_CDEPET12,1979-09-01T00:00:00-03:00,1071.0
1979-10-01,1979,1,10,ANP12_CDEPET12,1979-10-01T00:00:00-03:00,1147.0
1979-11-01,1979,1,11,ANP12_CDEPET12,1979-11-01T00:00:00-03:00,1143.0
1979-12-01,1979,1,12,ANP12_CDEPET12,1979-12-01T00:00:00-02:00,1086.0
1980-01-01,1980,1,1,ANP12_CDEPET12,1980-01-01T00:00:00-02:00,1075.0
1980-02-01,1980,1,2,ANP12_CDEPET12,1980-02-01T00:00:00-02:00,1042.0
1980-03-01,1980,1,3,ANP12_CDEPET12,1980-03-01T00:00:00-03:00,1090.0
1980-04-01,1980,1,4,ANP12_CDEPET12,1980-04-01T00:00:00-03:00,1046.0
1980-05-01,1980,1,5,ANP12_CDEPET12,1980-05-01T00:00:00-03:00,1123.0
1980-06-01,1980,1,6,ANP12_CDEPET12,1980-06-01T00:00:00-03:00,1122.0
1980-07-01,1980,1,7,ANP12_CDEPET12,1980-07-01T00:00:00-03:00,1151.0
1980-08-01,1980,1,8,ANP12_CDEPET12,1980-08-01T00:00:00-03:00,1083.0
1980-09-01,1980,1,9,ANP12_CDEPET12,1980-09-01T00:00:00-03:00,1136.0
1980-10-01,1980,1,10,ANP12_CDEPET12,1980-10-01T00:00:00-03:00,1139.0
1980-11-01,1980,1,11,ANP12_CDEPET12,1980-11-01T00:00:00-03:00,1139.0
1980-12-01,1980,1,12,ANP12_CDEPET12,1980-12-01T00:00:00-02:00,1173.0
1981-01-01,1981,1,1,ANP12_CDEPET12,1981-01-01T00:00:00-02:00,1028.0
1981-02-01,1981,1,2,ANP12_CDEPET12,1981-02-01T00:00:00-02:00,1032.0
1981-03-01,1981,1,3,ANP12_CDEPET12,1981-03-01T00:00:00-03:00,983.0
1981-04-01,1981,1,4,ANP12_CDEPET12,1981-04-01T00:00:00-03:00,973.0
1981-05-01,1981,1,5,ANP12_CDEPET12,1981-05-01T00:00:00-03:00,987.0
1981-06-01,1981,1,6,ANP12_CDEPET12,1981-06-01T00:00:00-03:00,1025.0
1981-07-01,1981,1,7,ANP12_CDEPET12,1981-07-01T00:00:00-03:00,1070.0
1981-08-01,1981,1,8,ANP12_CDEPET12,1981-08-01T00:00:00-03:00,1005.0
1981-09-01,1981,1,9,ANP12_CDEPET12,1981-09-01T00:00:00-03:00,1042.0
1981-10-01,1981,1,10,ANP12_CDEPET12,1981-10-01T00:00:00-03:00,1056.0
1981-11-01,1981,1,11,ANP12_CDEPET12,1981-11-01T00:00:00-03:00,984.0
1981-12-01,1981,1,12,ANP12_CDEPET12,1981-12-01T00:00:00-02:00,1090.0
1982-01-01,1982,1,1,ANP12_CDEPET12,1982-01-01T00:00:00-02:00,995.0
1982-02-01,1982,1,2,ANP12_CDEPET12,1982-02-01T00:00:00-02:00,981.0
1982-03-01,1982,1,3,ANP12_CDEPET12,1982-03-01T00:00:00-03:00,996.0
1982-04-01,1982,1,4,ANP12_CDEPET12,1982-04-01T00:00:00-03:00,1063.0
1982-05-01,1982,1,5,ANP12_CDEPET12,1982-05-01T00:00:00-03:00,1017.0
1982-06-01,1982,1,6,ANP12_CDEPET12,1982-06-01T00:00:00-03:00,995.0
1982-07-01,1982,1,7,ANP12_CDEPET12,1982-07-01T00:00:00-03:00,990.0
1982-08-01,1982,1,8,ANP12_CDEPET12,1982-08-01T00:00:00-03:00,1063.0
1982-09-01,1982,1,9,ANP12_CDEPET12,1982-09-01T00:00:00-03:00,1016.0
1982-10-01,1982,1,10,ANP12_CDEPET12,1982-10-01T00:00:00-03:00,1036.0
1982-11-01,1982,1,11,ANP12_CDEPET12,1982-11-01T00:00:00-03:00,1065.0
1982-12-01,1982,1,12,ANP12_CDEPET12,1982-12-01T00:00:00-02:00,1100.0
1983-01-01,1983,1,1,ANP12_CDEPET12,1983-01-01T00:00:00-02:00,952.0
1983-02-01,1983,1,2,ANP12_CDEPET12,1983-02-01T00:00:00-02:00,981.0
1983-03-01,1983,1,3,ANP12_CDEPET12,1983-03-01T00:00:00-03:00,903.0
1983-04-01,1983,1,4,ANP12_CDEPET12,1983-04-01T00:00:00-03:00,963.0
1983-05-01,1983,1,5,ANP12_CDEPET12,1983-05-01T00:00:00-03:00,1034.0
1983-06-01,1983,1,6,ANP12_CDEPET12,1983-06-01T00:00:00-03:00,855.0
1983-07-01,1983,1,7,ANP12_CDEPET12,1983-07-01T00:00:00-03:00,934.0
1983-08-01,1983,1,8,ANP12_CDEPET12,1983-08-01T00:00:00-03:00,1045.0
1983-09-01,1983,1,9,ANP12_CDEPET12,1983-09-01T00:00:00-03:00,984.0
1983-10-01,1983,1,10,ANP12_CDEPET12,1983-10-01T00:00:00-03:00,1037.0
1983-11-01,1983,1,11,ANP12_CDEPET12,1983-11-01T00:00:00-03:00,908.0
1983-12-01,1983,1,12,ANP12_CDEPET12,1983-12-01T00:00:00-02:00,1033.0
1984-01-01,1984,1,1,ANP12_CDEPET12,1984-01-01T00:00:00-02:00,911.0
1984-02-01,1984,1,2,ANP12_CDEPET12,1984-02-01T00:00:00-02:00,867.0
1984-03-01,1984,1,3,ANP12_CDEPET12,1984-03-01T00:00:00-03:00,1023.0
1984-04-01,1984,1,4,ANP12_CDEPET12,1984-04-01T00:00:00-03:00,853.0
1984-05-01,1984,1,5,ANP12_CDEPET12,1984-05-01T00:00:00-03:00,880.0
1984-06-01,1984,1,6,ANP12_CDEPET12,1984-06-01T00:00:00-03:00,924.0
1984-07-01,1984,1,7,ANP12_CDEPET12,1984-07-01T00:00:00-03:00,940.0
1984-08-01,1984,1,8,ANP12_CDEPET12,1984-08-01T00:00:00-03:00,1033.0
1984-09-01,1984,1,9,ANP12_CDEPET12,1984-09-01T00:00:00-03:00,930.0
1984-10-01,1984,1,10,ANP12_CDEPET12,1984-10-01T00:00:00-03:00,1119.0
1984-11-01,1984,1,11,ANP12_CDEPET12,1984-11-01T00:00:00-03:00,928.0
1984-12-01,1984,1,12,ANP12_CDEPET12,1984-12-01T00:00:00-02:00,1066.0
1985-01-01,1985,1,1,ANP12_CDEPET12,1985-01-01T00:00:00-02:00,869.0
1985-02-01,1985,1,2,ANP12_CDEPET12,1985-02-01T00:00:00-02:00,983.0
1985-03-01,1985,1,3,ANP12_CDEPET12,1985-03-01T00:00:00-03:00,811.0
1985-04-01,1985,1,4,ANP12_CDEPET12,1985-04-01T00:00:00-03:00,901.0
1985-05-01,1985,1,5,ANP12_CDEPET12,1985-05-01T00:00:00-03:00,940.0
1985-06-01,1985,1,6,ANP12_CDEPET12,1985-06-01T00:00:00-03:00,943.0
1985-07-01,1985,1,7,ANP12_CDEPET12,1985-07-01T00:00:00-03:00,978.0
1985-08-01,1985,1,8,ANP12_CDEPET12,1985-08-01T00:00:00-03:00,1021.0
1985-09-01,1985,1,9,ANP12_CDEPET12,1985-09-01T00:00:00-03:00,999.0
1985-10-01,1985,1,10,ANP12_CDEPET12,1985-10-01T00:00:00-03:00,1058.0
1985-11-01,1985,1,11,ANP12_CDEPET12,1985-11-01T00:00:00-03:00,1029.0
1985-12-01,1985,1,12,ANP12_CDEPET12,1985-12-01T00:00:00-02:00,1107.0
1986-01-01,1986,1,1,ANP12_CDEPET12,1986-01-01T00:00:00-02:00,993.0
1986-02-01,1986,1,2,ANP12_CDEPET12,1986-02-01T00:00:00-02:00,976.0
1986-03-01,1986,1,3,ANP12_CDEPET12,1986-03-01T00:00:00-03:00,919.0
1986-04-01,1986,1,4,ANP12_CDEPET12,1986-04-01T00:00:00-03:00,986.0
1986-05-01,1986,1,5,ANP12_CDEPET12,1986-05-01T00:00:00-03:00,1051.0
1986-06-01,1986,1,6,ANP12_CDEPET12,1986-06-01T00:00:00-03:00,1047.0
1986-07-01,1986,1,7,ANP12_CDEPET12,1986-07-01T00:00:00-03:00,1098.0
1986-08-01,1986,1,8,ANP12_CDEPET12,1986-08-01T00:00:00-03:00,1128.0
1986-09-01,1986,1,9,ANP12_CDEPET12,1986-09-01T00:00:00-03:00,1169.0
1986-10-01,1986,1,10,ANP12_CDEPET12,1986-10-01T00:00:00-03:00,1220.0
1986-11-01,1986,1,11,ANP12_CDEPET12,1986-11-01T00:00:00-03:00,1207.0
1986-12-01,1986,1,12,ANP12_CDEPET12,1986-12-01T00:00:00-02:00,1290.0
1987-01-01,1987,1,1,ANP12_CDEPET12,1987-01-01T00:00:00-02:00,1129.0
1987-02-01,1987,1,2,ANP12_CDEPET12,1987-02-01T00:00:00-02:00,1139.0
1987-03-01,1987,1,3,ANP12_CDEPET12,1987-03-01T00:00:00-03:00,1008.0
1987-04-01,1987,1,4,ANP12_CDEPET12,1987-04-01T00:00:00-03:00,1113.0
1987-05-01,1987,1,5,ANP12_CDEPET12,1987-05-01T00:00:00-03:00,1096.0
1987-06-01,1987,1,6,ANP12_CDEPET12,1987-06-01T00:00:00-03:00,1029.0
1987-07-01,1987,1,7,ANP12_CDEPET12,1987-07-01T00:00:00-03:00,1097.0
1987-08-01,1987,1,8,ANP12_CDEPET12,1987-08-01T00:00:00-03:00,1155.0
1987-09-01,1987,1,9,ANP12_CDEPET12,1987-09-01T00:00:00-03:00,1124.0
1987-10-01,1987,1,10,ANP12_CDEPET12,1987-10-01T00:00:00-03:00,949.0
1987-11-01,1987,1,11,ANP12_CDEPET12,1987-11-01T00:00:00-03:00,1114.0
1987-12-01,1987,1,12,ANP12_CDEPET12,1987-12-01T00:00:00-02:00,1247.0
1988-01-01,1988,1,1,ANP12_CDEPET12,1988-01-01T00:00:00-02:00,1039.0
1988-02-01,1988,1,2,ANP12_CDEPET12,1988-02-01T00:00:00-02:00,1020.0
1988-03-01,1988,1,3,ANP12_CDEPET12,1988-03-01T00:00:00-03:00,1128.0
1988-04-01,1988,1,4,ANP12_CDEPET12,1988-04-01T00:00:00-03:00,1096.0
1988-05-01,1988,1,5,ANP12_CDEPET12,1988-05-01T00:00:00-03:00,1100.0
1988-06-01,1988,1,6,ANP12_CDEPET12,1988-06-01T00:00:00-03:00,1154.0
1988-07-01,1988,1,7,ANP12_CDEPET12,1988-07-01T00:00:00-03:00,1169.0
1988-08-01,1988,1,8,ANP12_CDEPET12,1988-08-01T00:00:00-03:00,1160.0
1988-09-01,1988,1,9,ANP12_CDEPET12,1988-09-01T00:00:00-03:00,1213.0
1988-10-01,1988,1,10,ANP12_CDEPET12,1988-10-01T00:00:00-03:00,1110.0
1988-11-01,1988,1,11,ANP12_CDEPET12,1988-11-01T00:00:00-03:00,1123.0
1988-12-01,1988,1,12,ANP12_CDEPET12,1988-12-01T00:00:00-02:00,1286.0
1989-01-01,1989,1,1,ANP12_CDEPET12,1989-01-01T00:00:00-02:00,984.0
1989-02-01,1989,1,2,ANP12_CDEPET12,1989-02-01T00:00:00-02:00,1065.0
1989-03-01,1989,1,3,ANP12_CDEPET12,1989-03-01T00:00:00-03:00,1089.0
1989-04-01,1989,1,4,ANP12_CDEPET12,1989-04-01T00:00:00-03:00,1145.0
1989-05-01,1989,1,5,ANP12_CDEPET12,1989-05-01T00:00:00-03:00,1166.0
1989-06-01,1989,1,6,ANP12_CDEPET12,1989-06-01T00:00:00-03:00,1209.0
1989-07-01,1989,1,7,ANP12_CDEPET12,1989-07-01T00:00:00-03:00,1216.0
1989-08-01,1989,1,8,ANP12_CDEPET12,1989-08-01T00:00:00-03:00,1248.0
1989-09-01,1989,1,9,ANP12_CDEPET12,1989-09-01T00:00:00-03:00,1232.0
1989-10-01,1989,1,10,ANP12_CDEPET12,1989-10-01T00:00:00-03:00,1223.0
1989-11-01,1989,1,11,ANP12_CDEPET12,1989-11-01T00:00:00-03:00,1217.0
1989-12-01,1989,1,12,ANP12_CDEPET12,1989-12-01T00:00:00-02:00,1274.0
1990-01-01,1990,1,1,ANP12_CDEPET12,1990-01-01T00:00:00-02:00,1009.0
1990-02-01,1990,1,2,ANP12_CDEPET12,1990-02-01T00:00:00-02:00,1146.0
1990-03-01,1990,1,3,ANP12_CDEPET12,1990-03-01T00:00:00-03:00,1013.0
1990-04-01,1990,1,4,ANP12_CDEPET12,1990-04-01T00:00:00-03:00,1012.0
1990-05-01,1990,1,5,ANP12_CDEPET12,1990-05-01T00:00:00-03:00,1195.0
1990-06-01,1990,1,6,ANP12_CDEPET12,1990-06-01T00:00:00-03:00,1160.0
1990-07-01,1990,1,7,ANP12_CDEPET12,1990-07-01T00:00:00-03:00,1284.0
1990-08-01,1990,1,8,ANP12_CDEPET12,1990-08-01T00:00:00-03:00,1308.0
1990-09-01,1990,1,9,ANP12_CDEPET12,1990-09-01T00:00:00-03:00,1267.0
1990-10-01,1990,1,10,ANP12_CDEPET12,1990-10-01T00:00:00-03:00,1271.0
1990-11-01,1990,1,11,ANP12_CDEPET12,1990-11-01T00:00:00-03:00,1177.0
1990-12-01,1990,1,12,ANP12_CDEPET12,1990-12-01T00:00:00-02:00,1112.0
1991-01-01,1991,1,1,ANP12_CDEPET12,1991-01-01T00:00:00-02:00,929.0
1991-02-01,1991,1,2,ANP12_CDEPET12,1991-02-01T00:00:00-02:00,838.0
1991-03-01,1991,1,3,ANP12_CDEPET12,1991-03-01T00:00:00-03:00,788.0
1991-04-01,1991,1,4,ANP12_CDEPET12,1991-04-01T00:00:00-03:00,989.0
1991-05-01,1991,1,5,ANP12_CDEPET12,1991-05-01T00:00:00-03:00,1040.0
1991-06-01,1991,1,6,ANP12_CDEPET12,1991-06-01T00:00:00-03:00,1020.0
1991-07-01,1991,1,7,ANP12_CDEPET12,1991-07-01T00:00:00-03:00,1069.0
1991-08-01,1991,1,8,ANP12_CDEPET12,1991-08-01T00:00:00-03:00,1114.0
1991-09-01,1991,1,9,ANP12_CDEPET12,1991-09-01T00:00:00-03:00,1048.0
1991-10-01,1991,1,10,ANP12_CDEPET12,1991-10-01T00:00:00-03:00,1150.0
1991-11-01,1991,1,11,ANP12_CDEPET12,1991-11-01T00:00:00-03:00,1073.0
1991-12-01,1991,1,12,ANP12_CDEPET12,1991-12-01T00:00:00-02:00,990.0
1992-01-01,1992,1,1,ANP12_CDEPET12,1992-01-01T00:00:00-02:00,969.0
1992-02-01,1992,1,2,ANP12_CDEPET12,1992-02-01T00:00:00-02:00,962.0
1992-03-01,1992,1,3,ANP12_CDEPET12,1992-03-01T00:00:00-03:00,985.0
1992-04-01,1992,1,4,ANP12_CDEPET12,1992-04-01T00:00:00-03:00,1013.0
1992-05-01,1992,1,5,ANP12_CDEPET12,1992-05-01T00:00:00-03:00,1009.0
1992-06-01,1992,1,6,ANP12_CDEPET12,1992-06-01T00:00:00-03:00,1093.0
1992-07-01,1992,1,7,ANP12_CDEPET12,1992-07-01T00:00:00-03:00,1066.0
1992-08-01,1992,1,8,ANP12_CDEPET12,1992-08-01T00:00:00-03:00,1072.0
1992-09-01,1992,1,9,ANP12_CDEPET12,1992-09-01T00:00:00-03:00,1091.0
1992-10-01,1992,1,10,ANP12_CDEPET12,1992-10-01T00:00:00-03:00,1058.0
1992-11-01,1992,1,11,ANP12_CDEPET12,1992-11-01T00:00:00-03:00,1082.0
1992-12-01,1992,1,12,ANP12_CDEPET12,1992-12-01T00:00:00-02:00,999.0
1993-01-01,1993,1,1,ANP12_CDEPET12,1993-01-01T00:00:00-02:00,962.0
1993-02-01,1993,1,2,ANP12_CDEPET12,1993-02-01T00:00:00-02:00,984.0
1993-03-01,1993,1,3,ANP12_CDEPET12,1993-03-01T00:00:00-03:00,1048.0
1993-04-01,1993,1,4,ANP12_CDEPET12,1993-04-01T00:00:00-03:00,1041.0
1993-05-01,1993,1,5,ANP12_CDEPET12,1993-05-01T00:00:00-03:00,1051.0
1993-06-01,1993,1,6,ANP12_CDEPET12,1993-06-01T00:00:00-03:00,1138.0
1993-07-01,1993,1,7,ANP12_CDEPET12,1993-07-01T00:00:00-03:00,1058.0
1993-08-01,1993,1,8,ANP12_CDEPET12,1993-08-01T00:00:00-03:00,1166.0
1993-09-01,1993,1,9,ANP12_CDEPET12,1993-09-01T00:00:00-03:00,1156.0
1993-10-01,1993,1,10,ANP12_CDEPET12,1993-10-01T00:00:00-03:00,1108.0
1993-11-01,1993,1,11,ANP12_CDEPET12,1993-11-01T00:00:00-03:00,1093.0
1993-12-01,1993,1,12,ANP12_CDEPET12,1993-12-01T00:00:00-02:00,1072.0
1994-01-01,1994,1,1,ANP12_CDEPET12,1994-01-01T00:00:00-02:00,1012.0
1994-02-01,1994,1,2,ANP12_CDEPET12,1994-02-01T00:00:00-02:00,1041.0
1994-03-01,1994,1,3,ANP12_CDEPET12,1994-03-01T00:00:00-03:00,1075.0
1994-04-01,1994,1,4,ANP12_CDEPET12,1994-04-01T00:00:00-03:00,1059.0
1994-05-01,1994,1,5,ANP12_CDEPET12,1994-05-01T00:00:00-03:00,1090.0
1994-06-01,1994,1,6,ANP12_CDEPET12,1994-06-01T00:00:00-03:00,1067.0
1994-07-01,1994,1,7,ANP12_CDEPET12,1994-07-01T00:00:00-03:00,1081.0
1994-08-01,1994,1,8,ANP12_CDEPET12,1994-08-01T00:00:00-03:00,1125.0
1994-09-01,1994,1,9,ANP12_CDEPET12,1994-09-01T00:00:00-03:00,1163.0
1994-10-01,1994,1,10,ANP12_CDEPET12,1994-10-01T00:00:00-03:00,1180.0
1994-11-01,1994,1,11,ANP12_CDEPET12,1994-11-01T00:00:00-03:00,1209.0
1994-12-01,1994,1,12,ANP12_CDEPET12,1994-12-01T00:00:00-02:00,1179.0
1995-01-01,1995,1,1,ANP12_CDEPET12,1995-01-01T00:00:00-02:00,1095.0
1995-02-01,1995,1,2,ANP12_CDEPET12,1995-02-01T00:00:00-02:00,1213.0
1995-03-01,1995,1,3,ANP12_CDEPET12,1995-03-01T00:00:00-03:00,1185.0
1995-04-01,1995,1,4,ANP12_CDEPET12,1995-04-01T00:00:00-03:00,1182.0
1995-05-01,1995,1,5,ANP12_CDEPET12,1995-05-01T00:00:00-03:00,1060.0
1995-06-01,1995,1,6,ANP12_CDEPET12,1995-06-01T00:00:00-03:00,1239.0
1995-07-01,1995,1,7,ANP12_CDEPET12,1995-07-01T00:00:00-03:00,1234.0
1995-08-01,1995,1,8,ANP12_CDEPET12,1995-08-01T00:00:00-03:00,1296.0
1995-09-01,1995,1,9,ANP12_CDEPET12,1995-09-01T00:00:00-03:00,1232.0
1995-10-01,1995,1,10,ANP12_CDEPET12,1995-10-01T00:00:00-03:00,1281.0
1995-11-01,1995,1,11,ANP12_CDEPET12,1995-11-01T00:00:00-03:00,1290.0
1995-12-01,1995,1,12,ANP12_CDEPET12,1995-12-01T00:00:00-02:00,1166.0
1996-01-01,1996,1,1,ANP12_CDEPET12,1996-01-01T00:00:00-02:00,1173.0
1996-02-01,1996,1,2,ANP12_CDEPET12,1996-02-01T00:00:00-02:00,1191.0
1996-03-01,1996,1,3,ANP12_CDEPET12,1996-03-01T00:00:00-03:00,1230.0
1996-04-01,1996,1,4,ANP12_CDEPET12,1996-04-01T00:00:00-03:00,1242.0
1996-05-01,1996,1,5,ANP12_CDEPET12,1996-05-01T00:00:00-03:00,1293.0
1996-06-01,1996,1,6,ANP12_CDEPET12,1996-06-01T00:00:00-03:00,1277.0
1996-07-01,1996,1,7,ANP12_CDEPET12,1996-07-01T00:00:00-03:00,1330.0
1996-08-01,1996,1,8,ANP12_CDEPET12,1996-08-01T00:00:00-03:00,1317.0
1996-09-01,1996,1,9,ANP12_CDEPET12,1996-09-01T00:00:00-03:00,1368.0
1996-10-01,1996,1,10,ANP12_CDEPET12,1996-10-01T00:00:00-03:00,1337.0
1996-11-01,1996,1,11,ANP12_CDEPET12,1996-11-01T00:00:00-03:00,1328.0
1996-12-01,1996,1,12,ANP12_CDEPET12,1996-12-01T00:00:00-02:00,1341.0
1997-01-01,1997,1,1,ANP12_CDEPET12,1997-01-01T00:00:00-02:00,1275.0
1997-02-01,1997,1,2,ANP12_CDEPET12,1997-02-01T00:00:00-02:00,1277.0
1997-03-01,1997,1,3,ANP12_CDEPET12,1997-03-01T00:00:00-03:00,1319.0
1997-04-01,1997,1,4,ANP12_CDEPET12,1997-04-01T00:00:00-03:00,1382.0
1997-05-01,1997,1,5,ANP12_CDEPET12,1997-05-01T00:00:00-03:00,1376.0
1997-06-01,1997,1,6,ANP12_CDEPET12,1997-06-01T00:00:00-03:00,1404.0
1997-07-01,1997,1,7,ANP12_CDEPET12,1997-07-01T00:00:00-03:00,1443.0
1997-08-01,1997,1,8,ANP12_CDEPET12,1997-08-01T00:00:00-03:00,1423.0
1997-09-01,1997,1,9,ANP12_CDEPET12,1997-09-01T00:00:00-03:00,1462.0
1997-10-01,1997,1,10,ANP12_CDEPET12,1997-10-01T00:00:00-03:00,1506.0
1997-11-01,1997,1,11,ANP12_CDEPET12,1997-11-01T00:00:00-03:00,1459.0
1997-12-01,1997,1,12,ANP12_CDEPET12,1997-12-01T00:00:00-02:00,1401.0
1998-01-01,1998,1,1,ANP12_CDEPET12,1998-01-01T00:00:00-02:00,1267.0
1998-02-01,1998,1,2,ANP12_CDEPET12,1998-02-01T00:00:00-02:00,1253.0
1998-03-01,1998,1,3,ANP12_CDEPET12,1998-03-01T00:00:00-03:00,1343.0
1998-04-01,1998,1,4,ANP12_CDEPET12,1998-04-01T00:00:00-03:00,1403.0
1998-05-01,1998,1,5,ANP12_CDEPET12,1998-05-01T00:00:00-03:00,1338.0
1998-06-01,1998,1,6,ANP12_CDEPET12,1998-06-01T00:00:00-03:00,1421.0
1998-07-01,1998,1,7,ANP12_CDEPET12,1998-07-01T00:00:00-03:00,1451.0
1998-08-01,1998,1,8,ANP12_CDEPET12,1998-08-01T00:00:00-03:00,1393.0
1998-09-01,1998,1,9,ANP12_CDEPET12,1998-09-01T00:00:00-03:00,1461.0
1998-10-01,1998,1,10,ANP12_CDEPET12,1998-10-01T00:00:00-03:00,1481.0
1998-11-01,1998,1,11,ANP12_CDEPET12,1998-11-01T00:00:00-03:00,1365.0
1998-12-01,1998,1,12,ANP12_CDEPET12,1998-12-01T00:00:00-02:00,1408.0
1999-01-01,1999,1,1,ANP12_CDEPET12,1999-01-01T00:00:00-02:00,1285.0
1999-02-01,1999,1,2,ANP12_CDEPET12,1999-02-01T00:00:00-02:00,1285.0
1999-03-01,1999,1,3,ANP12_CDEPET12,1999-03-01T00:00:00-03:00,1433.0
1999-04-01,1999,1,4,ANP12_CDEPET12,1999-04-01T00:00:00-03:00,1364.0
1999-05-01,1999,1,5,ANP12_CDEPET12,1999-05-01T00:00:00-03:00,1354.0
1999-06-01,1999,1,6,ANP12_CDEPET12,1999-06-01T00:00:00-03:00,1408.0
1999-07-01,1999,1,7,ANP12_CDEPET12,1999-07-01T00:00:00-03:00,1408.0
1999-08-01,1999,1,8,ANP12_CDEPET12,1999-08-01T00:00:00-03:00,1423.0
1999-09-01,1999,1,9,ANP12_CDEPET12,1999-09-01T00:00:00-03:00,1411.0
1999-10-01,1999,1,10,ANP12_CDEPET12,1999-10-01T00:00:00-03:00,1396.0
1999-11-01,1999,1,11,ANP12_CDEPET12,1999-11-01T00:00:00-03:00,1450.0
1999-12-01,1999,1,12,ANP12_CDEPET12,1999-12-01T00:00:00-02:00,1441.0
2000-01-01,2000,1,1,ANP12_CDEPET12,2000-01-01T00:00:00-02:00,1245.0
2000-02-01,2000,1,2,ANP12_CDEPET12,2000-02-01T00:00:00-02:00,1415.0
2000-03-01,2000,1,3,ANP12_CDEPET12,2000-03-01T00:00:00-03:00,1322.0
2000-04-01,2000,1,4,ANP12_CDEPET12,2000-04-01T00:00:00-03:00,1346.0
2000-05-01,2000,1,5,ANP12_CDEPET12,2000-05-01T00:00:00-03:00,1346.0
2000-06-01,2000,1,6,ANP12_CDEPET12,2000-06-01T00:00:00-03:00,1453.0
2000-07-01,2000,1,7,ANP12_CDEPET12,2000-07-01T00:00:00-03:00,1340.0
2000-08-01,2000,1,8,ANP12_CDEPET12,2000-08-01T00:00:00-03:00,1436.0
2000-09-01,2000,1,9,ANP12_CDEPET12,2000-09-01T00:00:00-03:00,1427.0
2000-10-01,2000,1,10,ANP12_CDEPET12,2000-10-01T00:00:00-03:00,1412.0
2000-11-01,2000,1,11,ANP12_CDEPET12,2000-11-01T00:00:00-03:00,1444.0
2000-12-01,2000,1,12,ANP12_CDEPET12,2000-12-01T00:00:00-02:00,1345.0
2001-01-01,2001,1,1,ANP12_CDEPET12,2001-01-01T00:00:00-02:00,1318.0
2001-02-01,2001,1,2,ANP12_CDEPET12,2001-02-01T00:00:00-02:00,1331.0
2001-03-01,2001,1,3,ANP12_CDEPET12,2001-03-01T00:00:00-03:00,1412.0
2001-04-01,2001,1,4,ANP12_CDEPET12,2001-04-01T00:00:00-03:00,1377.0
2001-05-01,2001,1,5,ANP12_CDEPET12,2001-05-01T00:00:00-03:00,1406.0
2001-06-01,2001,1,6,ANP12_CDEPET12,2001-06-01T00:00:00-03:00,1455.0
2001-07-01,2001,1,7,ANP12_CDEPET12,2001-07-01T00:00:00-03:00,1410.0
2001-08-01,2001,1,8,ANP12_CDEPET12,2001-08-01T00:00:00-03:00,1481.0
2001-09-01,2001,1,9,ANP12_CDEPET12,2001-09-01T00:00:00-03:00,1435.0
2001-10-01,2001,1,10,ANP12_CDEPET12,2001-10-01T00:00:00-03:00,1471.0
2001-11-01,2001,1,11,ANP12_CDEPET12,2001-11-01T00:00:00-03:00,1422.0
2001-12-01,2001,1,12,ANP12_CDEPET12,2001-12-01T00:00:00-02:00,1315.0
2002-01-01,2002,1,1,ANP12_CDEPET12,2002-01-01T00:00:00-02:00,1313.0
2002-02-01,2002,1,2,ANP12_CDEPET12,2002-02-01T00:00:00-02:00,1342.0
2002-03-01,2002,1,3,ANP12_CDEPET12,2002-03-01T00:00:00-03:00,1373.0
2002-04-01,2002,1,4,ANP12_CDEPET12,2002-04-01T00:00:00-03:00,1374.0
2002-05-01,2002,1,5,ANP12_CDEPET12,2002-05-01T00:00:00-03:00,1361.0
2002-06-01,2002,1,6,ANP12_CDEPET12,2002-06-01T00:00:00-03:00,1329.0
2002-07-01,2002,1,7,ANP12_CDEPET12,2002-07-01T00:00:00-03:00,1368.0
2002-08-01,2002,1,8,ANP12_CDEPET12,2002-08-01T00:00:00-03:00,1371.0
2002-09-01,2002,1,9,ANP12_CDEPET12,2002-09-01T00:00:00-03:00,1405.0
2002-10-01,2002,1,10,ANP12_CDEPET12,2002-10-01T00:00:00-03:00,1491.0
2002-11-01,2002,1,11,ANP12_CDEPET12,2002-11-01T00:00:00-03:00,1352.0
2002-12-01,2002,1,12,ANP12_CDEPET12,2002-12-01T00:00:00-02:00,1314.0
2003-01-01,2003,1,1,ANP12_CDEPET12,2003-01-01T00:00:00-02:00,1205.0
2003-02-01,2003,1,2,ANP12_CDEPET12,2003-02-01T00:00:00-02:00,1273.0
2003-03-01,2003,1,3,ANP12_CDEPET12,2003-03-01T00:00:00-03:00,1177.0
2003-04-01,2003,1,4,ANP12_CDEPET12,2003-04-01T00:00:00-03:00,1256.0
2003-05-01,2003,1,5,ANP12_CDEPET12,2003-05-01T00:00:00-03:00,1295.0
2003-06-01,2003,1,6,ANP12_CDEPET12,2003-06-01T00:00:00-03:00,1257.0
2003-07-01,2003,1,7,ANP12_CDEPET12,2003-07-01T00:00:00-03:00,1342.0
2003-08-01,2003,1,8,ANP12_CDEPET12,2003-08-01T00:00:00-03:00,1305.0
2003-09-01,2003,1,9,ANP12_CDEPET12,2003-09-01T00:00:00-03:00,1383.0
2003-10-01,2003,1,10,ANP12_CDEPET12,2003-10-01T00:00:00-03:00,1405.0
2003-11-01,2003,1,11,ANP12_CDEPET12,2003-11-01T00:00:00-03:00,1304.0
2003-12-01,2003,1,12,ANP12_CDEPET12,2003-12-01T00:00:00-02:00,1337.0
2004-01-01,2004,1,1,ANP12_CDEPET12,2004-01-01T00:00:00-02:00,1209.0
2004-02-01,2004,1,2,ANP12_CDEPET12,2004-02-01T00:00:00-02:00,1216.0
2004-03-01,2004,1,3,ANP12_CDEPET12,2004-03-01T00:00:00-03:00,1364.0
2004-04-01,2004,1,4,ANP12_CDEPET12,2004-04-01T00:00:00-03:00,1362.0
2004-05-01,2004,1,5,ANP12_CDEPET12,2004-05-01T00:00:00-03:00,1261.0
2004-06-01,2004,1,6,ANP12_CDEPET12,2004-06-01T00:00:00-03:00,1342.0
2004-07-01,2004,1,7,ANP12_CDEPET12,2004-07-01T00:00:00-03:00,1385.0
2004-08-01,2004,1,8,ANP12_CDEPET12,2004-08-01T00:00:00-03:00,1405.0
2004-09-01,2004,1,9,ANP12_CDEPET12,2004-09-01T00:00:00-03:00,1438.0
2004-10-01,2004,1,10,ANP12_CDEPET12,2004-10-01T00:00:00-03:00,1364.0
2004-11-01,2004,1,11,ANP12_CDEPET12,2004-11-01T00:00:00-03:00,1381.0
2004-12-01,2004,1,12,ANP12_CDEPET12,2004-12-01T00:00:00-02:00,1379.0
2005-01-01,2005,1,1,ANP12_CDEPET12,2005-01-01T00:00:00-02:00,1197.0
2005-02-01,2005,1,2,ANP12_CDEPET12,2005-02-01T00:00:00-02:00,1309.0
2005-03-01,2005,1,3,ANP12_CDEPET12,2005-03-01T00:00:00-03:00,1366.0
2005-04-01,2005,1,4,ANP12_CDEPET12,2005-04-01T00:00:00-03:00,1347.0
2005-05-01,2005,1,5,ANP12_CDEPET12,2005-05-01T00:00:00-03:00,1308.0
2005-06-01,2005,1,6,ANP12_CDEPET12,2005-06-01T00:00:00-03:00,1387.0
2005-07-01,2005,1,7,ANP12_CDEPET12,2005-07-01T00:00:00-03:00,1346.0
2005-08-01,2005,1,8,ANP12_CDEPET12,2005-08-01T00:00:00-03:00,1445.0
2005-09-01,2005,1,9,ANP12_CDEPET12,2005-09-01T00:00:00-03:00,1421.0
2005-10-01,2005,1,10,ANP12_CDEPET12,2005-10-01T00:00:00-03:00,1321.0
2005-11-01,2005,1,11,ANP12_CDEPET12,2005-11-01T00:00:00-02:00,1376.0
2005-12-01,2005,1,12,ANP12_CDEPET12,2005-12-01T00:00:00-02:00,1359.0
2006-01-01,2006,1,1,ANP12_CDEPET12,2006-01-01T00:00:00-02:00,1232.0
2006-02-01,2006,1,2,ANP12_CDEPET12,2006-02-01T00:00:00-02:00,1301.0
2006-03-01,2006,1,3,ANP12_CDEPET12,2006-03-01T00:00:00-03:00,1396.0
2006-04-01,2006,1,4,ANP12_CDEPET12,2006-04-01T00:00:00-03:00,1316.0
2006-05-01,2006,1,5,ANP12_CDEPET12,2006-05-01T00:00:00-03:00,1359.0
2006-06-01,2006,1,6,ANP12_CDEPET12,2006-06-01T00:00:00-03:00,1376.0
2006-07-01,2006,1,7,ANP12_CDEPET12,2006-07-01T00:00:00-03:00,1347.0
2006-08-01,2006,1,8,ANP12_CDEPET12,2006-08-01T00:00:00-03:00,1438.0
2006-09-01,2006,1,9,ANP12_CDEPET12,2006-09-01T00:00:00-03:00,1450.0
2006-10-01,2006,1,10,ANP12_CDEPET12,2006-10-01T00:00:00-03:00,1422.0
2006-11-01,2006,1,11,ANP12_CDEPET12,2006-11-01T00:00:00-03:00,1421.0
2006-12-01,2006,1,12,ANP12_CDEPET12,2006-12-01T00:00:00-02:00,1359.0
2007-01-01,2007,1,1,ANP12_CDEPET12,2007-01-01T00:00:00-02:00,1295.0
2007-02-01,2007,1,2,ANP12_CDEPET12,2007-02-01T00:00:00-02:00,1362.0
2007-03-01,2007,1,3,ANP12_CDEPET12,2007-03-01T00:00:00-03:00,1446.0
2007-04-01,2007,1,4,ANP12_CDEPET12,2007-04-01T00:00:00-03:00,1363.0
2007-05-01,2007,1,5,ANP12_CDEPET12,2007-05-01T00:00:00-03:00,1397.0
2007-06-01,2007,1,6,ANP12_CDEPET12,2007-06-01T00:00:00-03:00,1444.0
2007-07-01,2007,1,7,ANP12_CDEPET12,2007-07-01T00:00:00-03:00,1410.0
2007-08-01,2007,1,8,ANP12_CDEPET12,2007-08-01T00:00:00-03:00,1501.0
2007-09-01,2007,1,9,ANP12_CDEPET12,2007-09-01T00:00:00-03:00,1432.0
2007-10-01,2007,1,10,ANP12_CDEPET12,2007-10-01T00:00:00-03:00,1521.0
2007-11-01,2007,1,11,ANP12_CDEPET12,2007-11-01T00:00:00-02:00,1486.0
2007-12-01,2007,1,12,ANP12_CDEPET12,2007-12-01T00:00:00-02:00,1413.0
2008-01-01,2008,1,1,ANP12_CDEPET12,2008-01-01T00:00:00-02:00,1377.0
2008-02-01,2008,1,2,ANP12_CDEPET12,2008-02-01T00:00:00-02:00,1437.0
2008-03-01,2008,1,3,ANP12_CDEPET12,2008-03-01T00:00:00-03:00,1439.0
2008-04-01,2008,1,4,ANP12_CDEPET12,2008-04-01T00:00:00-03:00,1495.0
2008-05-01,2008,1,5,ANP12_CDEPET12,2008-05-01T00:00:00-03:00,1458.0
2008-06-01,2008,1,6,ANP12_CDEPET12,2008-06-01T00:00:00-03:00,1521.0
2008-07-01,2008,1,7,ANP12_CDEPET12,2008-07-01T00:00:00-03:00,1524.0
2008-08-01,2008,1,8,ANP12_CDEPET12,2008-08-01T00:00:00-03:00,1501.0
2008-09-01,2008,1,9,ANP12_CDEPET12,2008-09-01T00:00:00-03:00,1599.0
2008-10-01,2008,1,10,ANP12_CDEPET12,2008-10-01T00:00:00-03:00,1574.0
2008-11-01,2008,1,11,ANP12_CDEPET12,2008-11-01T00:00:00-02:00,1445.0
2008-12-01,2008,1,12,ANP12_CDEPET12,2008-12-01T00:00:00-02:00,1446.0
2009-01-01,2009,1,1,ANP12_CDEPET12,2009-01-01T00:00:00-02:00,1309.0
2009-02-01,2009,1,2,ANP12_CDEPET12,2009-02-01T00:00:00-02:00,1390.0
2009-03-01,2009,1,3,ANP12_CDEPET12,2009-03-01T00:00:00-03:00,1428.0
2009-04-01,2009,1,4,ANP12_CDEPET12,2009-04-01T00:00:00-03:00,1465.0
2009-05-01,2009,1,5,ANP12_CDEPET12,2009-05-01T00:00:00-03:00,1386.0
2009-06-01,2009,1,6,ANP12_CDEPET12,2009-06-01T00:00:00-03:00,1491.0
2009-07-01,2009,1,7,ANP12_CDEPET12,2009-07-01T00:00:00-03:00,1527.0
2009-08-01,2009,1,8,ANP12_CDEPET12,2009-08-01T00:00:00-03:00,1487.0
2009-09-01,2009,1,9,ANP12_CDEPET12,2009-09-01T00:00:00-03:00,1563.0
2009-10-01,2009,1,10,ANP12_CDEPET12,2009-10-01T00:00:00-03:00,1619.0
2009-11-01,2009,1,11,ANP12_CDEPET12,2009-11-01T00:00:00-02:00,1533.0
2009-12-01,2009,1,12,ANP12_CDEPET12,2009-12-01T00:00:00-02:00,1574.0
2010-01-01,2010,1,1,ANP12_CDEPET12,2010-01-01T00:00:00-02:00,1429.0
2010-02-01,2010,1,2,ANP12_CDEPET12,2010-02-01T00:00:00-02:00,1617.0
2010-03-01,2010,1,3,ANP12_CDEPET12,2010-03-01T00:00:00-03:00,1710.0
2010-04-01,2010,1,4,ANP12_CDEPET12,2010-04-01T00:00:00-03:00,1643.0
2010-05-01,2010,1,5,ANP12_CDEPET12,2010-05-01T00:00:00-03:00,1590.0
2010-06-01,2010,1,6,ANP12_CDEPET12,2010-06-01T00:00:00-03:00,1657.0
2010-07-01,2010,1,7,ANP12_CDEPET12,2010-07-01T00:00:00-03:00,1680.0
2010-08-01,2010,1,8,ANP12_CDEPET12,2010-08-01T00:00:00-03:00,1703.0
2010-09-01,2010,1,9,ANP12_CDEPET12,2010-09-01T00:00:00-03:00,1722.0
2010-10-01,2010,1,10,ANP12_CDEPET12,2010-10-01T00:00:00-03:00,1672.0
2010-11-01,2010,1,11,ANP12_CDEPET12,2010-11-01T00:00:00-02:00,1700.0
2010-12-01,2010,1,12,ANP12_CDEPET12,2010-12-01T00:00:00-02:00,1685.0
2011-01-01,2011,1,1,ANP12_CDEPET12,2011-01-01T00:00:00-02:00,1485.0
2011-02-01,2011,1,2,ANP12_CDEPET12,2011-02-01T00:00:00-02:00,1686.0
2011-03-01,2011,1,3,ANP12_CDEPET12,2011-03-01T00:00:00-03:00,1742.0
2011-04-01,2011,1,4,ANP12_CDEPET12,2011-04-01T00:00:00-03:00,1748.0
2011-05-01,2011,1,5,ANP12_CDEPET12,2011-05-01T00:00:00-03:00,1734.0
2011-06-01,2011,1,6,ANP12_CDEPET12,2011-06-01T00:00:00-03:00,1769.0
2011-07-01,2011,1,7,ANP12_CDEPET12,2011-07-01T00:00:00-03:00,1764.0
2011-08-01,2011,1,8,ANP12_CDEPET12,2011-08-01T00:00:00-03:00,1874.0
2011-09-01,2011,1,9,ANP12_CDEPET12,2011-09-01T00:00:00-03:00,1905.0
2011-10-01,2011,1,10,ANP12_CDEPET12,2011-10-01T00:00:00-03:00,1835.0
2011-11-01,2011,1,11,ANP12_CDEPET12,2011-11-01T00:00:00-02:00,1881.0
2011-12-01,2011,1,12,ANP12_CDEPET12,2011-12-01T00:00:00-02:00,1864.0
2012-01-01,2012,1,1,ANP12_CDEPET12,2012-01-01T00:00:00-02:00,1695.0
2012-02-01,2012,1,2,ANP12_CDEPET12,2012-02-01T00:00:00-02:00,1837.0
2012-03-01,2012,1,3,ANP12_CDEPET12,2012-03-01T00:00:00-03:00,1910.0
2012-04-01,2012,1,4,ANP12_CDEPET12,2012-04-01T00:00:00-03:00,1837.0
2012-05-01,2012,1,5,ANP12_CDEPET12,2012-05-01T00:00:00-03:00,1890.0
2012-06-01,2012,1,6,ANP12_CDEPET12,2012-06-01T00:00:00-03:00,1911.0
2012-07-01,2012,1,7,ANP12_CDEPET12,2012-07-01T00:00:00-03:00,1921.0
2012-08-01,2012,1,8,ANP12_CDEPET12,2012-08-01T00:00:00-03:00,2046.0
2012-09-01,2012,1,9,ANP12_CDEPET12,2012-09-01T00:00:00-03:00,1940.0
2012-10-01,2012,1,10,ANP12_CDEPET12,2012-10-01T00:00:00-03:00,2075.0
2012-11-01,2012,1,11,ANP12_CDEPET12,2012-11-01T00:00:00-02:00,2059.0
2012-12-01,2012,1,12,ANP12_CDEPET12,2012-12-01T00:00:00-02:00,1953.0
2013-01-01,2013,1,1,ANP12_CDEPET12,2013-01-01T00:00:00-02:00,1905.0
2013-02-01,2013,1,2,ANP12_CDEPET12,2013-02-01T00:00:00-02:00,1939.0
2013-03-01,2013,1,3,ANP12_CDEPET12,2013-03-01T00:00:00-03:00,1926.0
2013-04-01,2013,1,4,ANP12_CDEPET12,2013-04-01T00:00:00-03:00,2057.0
2013-05-01,2013,1,5,ANP12_CDEPET12,2013-05-01T00:00:00-03:00,1980.0
2013-06-01,2013,1,6,ANP12_CDEPET12,2013-06-01T00:00:00-03:00,1952.0
2013-07-01,2013,1,7,ANP12_CDEPET12,2013-07-01T00:00:00-03:00,2000.0
2013-08-01,2013,1,8,ANP12_CDEPET12,2013-08-01T00:00:00-03:00,2062.0
2013-09-01,2013,1,9,ANP12_CDEPET12,2013-09-01T00:00:00-03:00,2011.0
2013-10-01,2013,1,10,ANP12_CDEPET12,2013-10-01T00:00:00-03:00,2116.0
2013-11-01,2013,1,11,ANP12_CDEPET12,2013-11-01T00:00:00-02:00,2078.0
2013-12-01,2013,1,12,ANP12_CDEPET12,2013-12-01T00:00:00-02:00,1934.0
2014-01-01,2014,1,1,ANP12_CDEPET12,2014-01-01T00:00:00-02:00,1913.0
2014-02-01,2014,1,2,ANP12_CDEPET12,2014-02-01T00:00:00-02:00,2092.0
2014-03-01,2014,1,3,ANP12_CDEPET12,2014-03-01T00:00:00-03:00,1963.0
2014-04-01,2014,1,4,ANP12_CDEPET12,2014-04-01T00:00:00-03:00,2083.0
2014-05-01,2014,1,5,ANP12_CDEPET12,2014-05-01T00:00:00-03:00,2072.0
2014-06-01,2014,1,6,ANP12_CDEPET12,2014-06-01T00:00:00-03:00,1985.0
2014-07-01,2014,1,7,ANP12_CDEPET12,2014-07-01T00:00:00-03:00,2088.0
2014-08-01,2014,1,8,ANP12_CDEPET12,2014-08-01T00:00:00-03:00,2141.0
2014-09-01,2014,1,9,ANP12_CDEPET12,2014-09-01T00:00:00-03:00,2211.0
2014-10-01,2014,1,10,ANP12_CDEPET12,2014-10-01T00:00:00-03:00,2248.0
2014-11-01,2014,1,11,ANP12_CDEPET12,2014-11-01T00:00:00-02:00,2052.0
2014-12-01,2014,1,12,ANP12_CDEPET12,2014-12-01T00:00:00-02:00,2072.0
2015-01-01,2015,1,1,ANP12_CDEPET12,2015-01-01T00:00:00-02:00,1995.0
2015-02-01,2015,1,2,ANP12_CDEPET12,2015-02-01T00:00:00-02:00,1897.0
2015-03-01,2015,1,3,ANP12_CDEPET12,2015-03-01T00:00:00-03:00,1981.0
2015-04-01,2015,1,4,ANP12_CDEPET12,2015-04-01T00:00:00-03:00,1957.0
2015-05-01,2015,1,5,ANP12_CDEPET12,2015-05-01T00:00:00-03:00,1853.0
2015-06-01,2015,1,6,ANP12_CDEPET12,2015-06-01T00:00:00-03:00,1986.0
2015-07-01,2015,1,7,ANP12_CDEPET12,2015-07-01T00:00:00-03:00,1970.0
2015-08-01,2015,1,8,ANP12_CDEPET12,2015-08-01T00:00:00-03:00,1944.0
2015-09-01,2015,1,9,ANP12_CDEPET12,2015-09-01T00:00:00-03:00,1983.0
2015-10-01,2015,1,10,ANP12_CDEPET12,2015-10-01T00:00:00-03:00,1996.0
2015-11-01,2015,1,11,ANP12_CDEPET12,2015-11-01T00:00:00-02:00,1877.0
2015-12-01,2015,1,12,ANP12_CDEPET12,2015-12-01T00:00:00-02:00,1928.0
2016-01-01,2016,1,1,ANP12_CDEPET12,2016-01-01T00:00:00-02:00,1705.0
2016-02-01,2016,1,2,ANP12_CDEPET12,2016-02-01T00:00:00-02:00,1891.0
2016-03-01,2016,1,3,ANP12_CDEPET12,2016-03-01T00:00:00-03:00,1920.0
2016-04-01,2016,1,4,ANP12_CDEPET12,2016-04-01T00:00:00-03:00,1903.0
2016-05-01,2016,1,5,ANP12_CDEPET12,2016-05-01T00:00:00-03:00,1816.0
2016-06-01,2016,1,6,ANP12_CDEPET12,2016-06-01T00:00:00-03:00,1901.0
2016-07-01,2016,1,7,ANP12_CDEPET12,2016-07-01T00:00:00-03:00,1861.0
2016-08-01,2016,1,8,ANP12_CDEPET12,2016-08-01T00:00:00-03:00,1936.0
2016-09-01,2016,1,9,ANP12_CDEPET12,2016-09-01T00:00:00-03:00,1956.0
2016-10-01,2016,1,10,ANP12_CDEPET12,2016-10-01T00:00:00-03:00,1876.0
2016-11-01,2016,1,11,ANP12_CDEPET12,2016-11-01T00:00:00-02:00,1882.0
2016-12-01,2016,1,12,ANP12_CDEPET12,2016-12-01T00:00:00-02:00,1886.0
2017-01-01,2017,1,1,ANP12_CDEPET12,2017-01-01T00:00:00-02:00,1732.0
2017-02-01,2017,1,2,ANP12_CDEPET12,2017-02-01T00:00:00-02:00,1864.0
2017-03-01,2017,1,3,ANP12_CDEPET12,2017-03-01T00:00:00-03:00,1984.0
2017-04-01,2017,1,4,ANP12_CDEPET12,2017-04-01T00:00:00-03:00,1803.0
2017-05-01,2017,1,5,ANP12_CDEPET12,2017-05-01T00:00:00-03:00,1889.0
2017-06-01,2017,1,6,ANP12_CDEPET12,2017-06-01T00:00:00-03:00,1957.0
2017-07-01,2017,1,7,ANP12_CDEPET12,2017-07-01T00:00:00-03:00,1940.0
2017-08-01,2017,1,8,ANP12_CDEPET12,2017-08-01T00:00:00-03:00,2008.0
2017-09-01,2017,1,9,ANP12_CDEPET12,2017-09-01T00:00:00-03:00,1987.0
2017-10-01,2017,1,10,ANP12_CDEPET12,2017-10-01T00:00:00-03:00,1949.0
2017-11-01,2017,1,11,ANP12_CDEPET12,2017-11-01T00:00:00-02:00,1919.0
2017-12-01,2017,1,12,ANP12_CDEPET12,2017-12-01T00:00:00-02:00,1821.0
2018-01-01,2018,1,1,ANP12_CDEPET12,2018-01-01T00:00:00-02:00,1727.0
2018-02-01,2018,1,2,ANP12_CDEPET12,2018-02-01T00:00:00-02:00,1827.0
2018-03-01,2018,1,3,ANP12_CDEPET12,2018-03-01T00:00:00-03:00,1902.0
2018-04-01,2018,1,4,ANP12_CDEPET12,2018-04-01T00:00:00-03:00,1868.0
2018-05-01,2018,1,5,ANP12_CDEPET12,2018-05-01T00:00:00-03:00,1574.0
2018-06-01,2018,1,6,ANP12_CDEPET12,2018-06-01T00:00:00-03:00,1950.0
2018-07-01,2018,1,7,ANP12_CDEPET12,2018-07-01T00:00:00-03:00,1849.0
2018-08-01,2018,1,8,ANP12_CDEPET12,2018-08-01T00:00:00-03:00,1966.0
2018-09-01,2018,1,9,ANP12_CDEPET12,2018-09-01T00:00:00-03:00,1852.0
2018-10-01,2018,1,10,ANP12_CDEPET12,2018-10-01T00:00:00-03:00,1864.0
2018-11-01,2018,1,11,ANP12_CDEPET12,2018-11-01T00:00:00-03:00,1844.0
2018-12-01,2018,1,12,ANP12_CDEPET12,2018-12-01T00:00:00-02:00,1789.0
2019-01-01,2019,1,1,ANP12_CDEPET12,2019-01-01T00:00:00-02:00,1730.0
2019-02-01,2019,1,2,ANP12_CDEPET12,2019-02-01T00:00:00-02:00,1859.0
2019-03-01,2019,1,3,ANP12_CDEPET12,2019-03-01T00:00:00-03:00,1755.0
2019-04-01,2019,1,4,ANP12_CDEPET12,2019-04-01T00:00:00-03:00,1844.0
2019-05-01,2019,1,5,ANP12_CDEPET12,2019-05-01T00:00:00-03:00,1813.0
2019-06-01,2019,1,6,ANP12_CDEPET12,2019-06-01T00:00:00-03:00,1792.0
2019-07-01,2019,1,7,ANP12_CDEPET12,2019-07-01T00:00:00-03:00,1937.0
2019-08-01,2019,1,8,ANP12_CDEPET12,2019-08-01T00:00:00-03:00,1943.0
2019-09-01,2019,1,9,ANP12_CDEPET12,2019-09-01T00:00:00-03:00,1878.0
2019-10-01,2019,1,10,ANP12_CDEPET12,2019-10-01T00:00:00-03:00,1977.0
2019-11-01,2019,1,11,ANP12_CDEPET12,2019-11-01T00:00:00-03:00,1878.0
2019-12-01,2019,1,12,ANP12_CDEPET12,2019-12-01T00:00:00-03:00,1782.0
2020-01-01,2020,1,1,ANP12_CDEPET12,2020-01-01T00:00:00-03:00,1742.0
2020-02-01,2020,1,2,ANP12_CDEPET12,2020-02-01T00:00:00-03:00,1840.0
2020-03-01,2020,1,3,ANP12_CDEPET12,2020-03-01T00:00:00-03:00,1712.0
2020-04-01,2020,1,4,ANP12_CDEPET12,2020-04-01T00:00:00-03:00,1477.0
2020-05-01,2020,1,5,ANP12_CDEPET12,2020-05-01T00:00:00-03:00,1533.0
2020-06-01,2020,1,6,ANP12_CDEPET12,2020-06-01T00:00:00-03:00,1700.0
2020-07-01,2020,1,7,ANP12_CDEPET12,2020-07-01T00:00:00-03:00,1818.0
2020-08-01,2020,1,8,ANP12_CDEPET12,2020-08-01T00:00:00-03:00,1795.0
2020-09-01,2020,1,9,ANP12_CDEPET12,2020-09-01T00:00:00-03:00,1889.0
2020-10-01,2020,1,10,ANP12_CDEPET12,2020-10-01T00:00:00-03:00,1961.0
2020-11-01,2020,1,11,ANP12_CDEPET12,2020-11-01T00:00:00-03:00,1874.0
2020-12-01,2020,1,12,ANP12_CDEPET12,2020-12-01T00:00:00-03:00,1867.0
