DATE,YEAR,DAY,MONTH,CODE,RAW DATE,VALUE (GWh)
1979-01-01,1979,1,1,ELETRO12_CEESE12,1979-01-01T00:00:00-02:00,5623.0
1979-02-01,1979,1,2,ELETRO12_CEESE12,1979-02-01T00:00:00-02:00,5551.0
1979-03-01,1979,1,3,ELETRO12_CEESE12,1979-03-01T00:00:00-03:00,5725.0
1979-04-01,1979,1,4,ELETRO12_CEESE12,1979-04-01T00:00:00-03:00,5797.0
1979-05-01,1979,1,5,ELETRO12_CEESE12,1979-05-01T00:00:00-03:00,6002.0
1979-06-01,1979,1,6,ELETRO12_CEESE12,1979-06-01T00:00:00-03:00,5988.0
1979-07-01,1979,1,7,ELETRO12_CEESE12,1979-07-01T00:00:00-03:00,6054.0
1979-08-01,1979,1,8,ELETRO12_CEESE12,1979-08-01T00:00:00-03:00,6022.0
1979-09-01,1979,1,9,ELETRO12_CEESE12,1979-09-01T00:00:00-03:00,6353.0
1979-10-01,1979,1,10,ELETRO12_CEESE12,1979-10-01T00:00:00-03:00,6144.0
1979-11-01,1979,1,11,ELETRO12_CEESE12,1979-11-01T00:00:00-03:00,6393.0
1979-12-01,1979,1,12,ELETRO12_CEESE12,1979-12-01T00:00:00-02:00,6337.0
1980-01-01,1980,1,1,ELETRO12_CEESE12,1980-01-01T00:00:00-02:00,6276.0
1980-02-01,1980,1,2,ELETRO12_CEESE12,1980-02-01T00:00:00-02:00,6239.0
1980-03-01,1980,1,3,ELETRO12_CEESE12,1980-03-01T00:00:00-03:00,6266.0
1980-04-01,1980,1,4,ELETRO12_CEESE12,1980-04-01T00:00:00-03:00,6393.0
1980-05-01,1980,1,5,ELETRO12_CEESE12,1980-05-01T00:00:00-03:00,6458.0
1980-06-01,1980,1,6,ELETRO12_CEESE12,1980-06-01T00:00:00-03:00,6559.0
1980-07-01,1980,1,7,ELETRO12_CEESE12,1980-07-01T00:00:00-03:00,6467.0
1980-08-01,1980,1,8,ELETRO12_CEESE12,1980-08-01T00:00:00-03:00,6879.0
1980-09-01,1980,1,9,ELETRO12_CEESE12,1980-09-01T00:00:00-03:00,6817.0
1980-10-01,1980,1,10,ELETRO12_CEESE12,1980-10-01T00:00:00-03:00,6800.0
1980-11-01,1980,1,11,ELETRO12_CEESE12,1980-11-01T00:00:00-03:00,7145.0
1980-12-01,1980,1,12,ELETRO12_CEESE12,1980-12-01T00:00:00-02:00,6636.0
1981-01-01,1981,1,1,ELETRO12_CEESE12,1981-01-01T00:00:00-02:00,7150.0
1981-02-01,1981,1,2,ELETRO12_CEESE12,1981-02-01T00:00:00-02:00,6563.0
1981-03-01,1981,1,3,ELETRO12_CEESE12,1981-03-01T00:00:00-03:00,6878.0
1981-04-01,1981,1,4,ELETRO12_CEESE12,1981-04-01T00:00:00-03:00,6527.0
1981-05-01,1981,1,5,ELETRO12_CEESE12,1981-05-01T00:00:00-03:00,6751.0
1981-06-01,1981,1,6,ELETRO12_CEESE12,1981-06-01T00:00:00-03:00,6464.0
1981-07-01,1981,1,7,ELETRO12_CEESE12,1981-07-01T00:00:00-03:00,6584.0
1981-08-01,1981,1,8,ELETRO12_CEESE12,1981-08-01T00:00:00-03:00,6813.0
1981-09-01,1981,1,9,ELETRO12_CEESE12,1981-09-01T00:00:00-03:00,6561.0
1981-10-01,1981,1,10,ELETRO12_CEESE12,1981-10-01T00:00:00-03:00,6599.0
1981-11-01,1981,1,11,ELETRO12_CEESE12,1981-11-01T00:00:00-03:00,6754.0
1981-12-01,1981,1,12,ELETRO12_CEESE12,1981-12-01T00:00:00-02:00,6452.0
1982-01-01,1982,1,1,ELETRO12_CEESE12,1982-01-01T00:00:00-02:00,6702.0
1982-02-01,1982,1,2,ELETRO12_CEESE12,1982-02-01T00:00:00-02:00,6354.0
1982-03-01,1982,1,3,ELETRO12_CEESE12,1982-03-01T00:00:00-03:00,6570.0
1982-04-01,1982,1,4,ELETRO12_CEESE12,1982-04-01T00:00:00-03:00,7255.0
1982-05-01,1982,1,5,ELETRO12_CEESE12,1982-05-01T00:00:00-03:00,6829.0
1982-06-01,1982,1,6,ELETRO12_CEESE12,1982-06-01T00:00:00-03:00,6998.0
1982-07-01,1982,1,7,ELETRO12_CEESE12,1982-07-01T00:00:00-03:00,7080.0
1982-08-01,1982,1,8,ELETRO12_CEESE12,1982-08-01T00:00:00-03:00,7275.0
1982-09-01,1982,1,9,ELETRO12_CEESE12,1982-09-01T00:00:00-03:00,7381.0
1982-10-01,1982,1,10,ELETRO12_CEESE12,1982-10-01T00:00:00-03:00,7189.0
1982-11-01,1982,1,11,ELETRO12_CEESE12,1982-11-01T00:00:00-03:00,7285.0
1982-12-01,1982,1,12,ELETRO12_CEESE12,1982-12-01T00:00:00-02:00,7046.0
1983-01-01,1983,1,1,ELETRO12_CEESE12,1983-01-01T00:00:00-02:00,7151.0
1983-02-01,1983,1,2,ELETRO12_CEESE12,1983-02-01T00:00:00-02:00,6860.0
1983-03-01,1983,1,3,ELETRO12_CEESE12,1983-03-01T00:00:00-03:00,6902.0
1983-04-01,1983,1,4,ELETRO12_CEESE12,1983-04-01T00:00:00-03:00,7659.0
1983-05-01,1983,1,5,ELETRO12_CEESE12,1983-05-01T00:00:00-03:00,7157.0
1983-06-01,1983,1,6,ELETRO12_CEESE12,1983-06-01T00:00:00-03:00,7804.0
1983-07-01,1983,1,7,ELETRO12_CEESE12,1983-07-01T00:00:00-03:00,7373.0
1983-08-01,1983,1,8,ELETRO12_CEESE12,1983-08-01T00:00:00-03:00,7400.0
1983-09-01,1983,1,9,ELETRO12_CEESE12,1983-09-01T00:00:00-03:00,7937.0
1983-10-01,1983,1,10,ELETRO12_CEESE12,1983-10-01T00:00:00-03:00,7694.0
1983-11-01,1983,1,11,ELETRO12_CEESE12,1983-11-01T00:00:00-03:00,7620.0
1983-12-01,1983,1,12,ELETRO12_CEESE12,1983-12-01T00:00:00-02:00,7547.0
1984-01-01,1984,1,1,ELETRO12_CEESE12,1984-01-01T00:00:00-02:00,7704.0
1984-02-01,1984,1,2,ELETRO12_CEESE12,1984-02-01T00:00:00-02:00,8008.0
1984-03-01,1984,1,3,ELETRO12_CEESE12,1984-03-01T00:00:00-03:00,8198.0
1984-04-01,1984,1,4,ELETRO12_CEESE12,1984-04-01T00:00:00-03:00,7815.0
1984-05-01,1984,1,5,ELETRO12_CEESE12,1984-05-01T00:00:00-03:00,8125.0
1984-06-01,1984,1,6,ELETRO12_CEESE12,1984-06-01T00:00:00-03:00,8342.0
1984-07-01,1984,1,7,ELETRO12_CEESE12,1984-07-01T00:00:00-03:00,8231.0
1984-08-01,1984,1,8,ELETRO12_CEESE12,1984-08-01T00:00:00-03:00,8550.0
1984-09-01,1984,1,9,ELETRO12_CEESE12,1984-09-01T00:00:00-03:00,8790.0
1984-10-01,1984,1,10,ELETRO12_CEESE12,1984-10-01T00:00:00-03:00,8307.0
1984-11-01,1984,1,11,ELETRO12_CEESE12,1984-11-01T00:00:00-03:00,9096.0
1984-12-01,1984,1,12,ELETRO12_CEESE12,1984-12-01T00:00:00-02:00,8463.0
1985-01-01,1985,1,1,ELETRO12_CEESE12,1985-01-01T00:00:00-02:00,8598.0
1985-02-01,1985,1,2,ELETRO12_CEESE12,1985-02-01T00:00:00-02:00,8665.0
1985-03-01,1985,1,3,ELETRO12_CEESE12,1985-03-01T00:00:00-03:00,8690.0
1985-04-01,1985,1,4,ELETRO12_CEESE12,1985-04-01T00:00:00-03:00,9170.0
1985-05-01,1985,1,5,ELETRO12_CEESE12,1985-05-01T00:00:00-03:00,8807.0
1985-06-01,1985,1,6,ELETRO12_CEESE12,1985-06-01T00:00:00-03:00,9039.0
1985-07-01,1985,1,7,ELETRO12_CEESE12,1985-07-01T00:00:00-03:00,8510.0
1985-08-01,1985,1,8,ELETRO12_CEESE12,1985-08-01T00:00:00-03:00,9359.0
1985-09-01,1985,1,9,ELETRO12_CEESE12,1985-09-01T00:00:00-03:00,9368.0
1985-10-01,1985,1,10,ELETRO12_CEESE12,1985-10-01T00:00:00-03:00,9098.0
1985-11-01,1985,1,11,ELETRO12_CEESE12,1985-11-01T00:00:00-03:00,9472.0
1985-12-01,1985,1,12,ELETRO12_CEESE12,1985-12-01T00:00:00-02:00,9080.0
1986-01-01,1986,1,1,ELETRO12_CEESE12,1986-01-01T00:00:00-02:00,9130.0
1986-02-01,1986,1,2,ELETRO12_CEESE12,1986-02-01T00:00:00-02:00,9104.0
1986-03-01,1986,1,3,ELETRO12_CEESE12,1986-03-01T00:00:00-03:00,8522.0
1986-04-01,1986,1,4,ELETRO12_CEESE12,1986-04-01T00:00:00-03:00,9014.0
1986-05-01,1986,1,5,ELETRO12_CEESE12,1986-05-01T00:00:00-03:00,9674.0
1986-06-01,1986,1,6,ELETRO12_CEESE12,1986-06-01T00:00:00-03:00,9406.0
1986-07-01,1986,1,7,ELETRO12_CEESE12,1986-07-01T00:00:00-03:00,9324.0
1986-08-01,1986,1,8,ELETRO12_CEESE12,1986-08-01T00:00:00-03:00,9912.0
1986-09-01,1986,1,9,ELETRO12_CEESE12,1986-09-01T00:00:00-03:00,9658.0
1986-10-01,1986,1,10,ELETRO12_CEESE12,1986-10-01T00:00:00-03:00,9716.0
1986-11-01,1986,1,11,ELETRO12_CEESE12,1986-11-01T00:00:00-03:00,10145.0
1986-12-01,1986,1,12,ELETRO12_CEESE12,1986-12-01T00:00:00-02:00,9251.0
1987-01-01,1987,1,1,ELETRO12_CEESE12,1987-01-01T00:00:00-02:00,9992.0
1987-02-01,1987,1,2,ELETRO12_CEESE12,1987-02-01T00:00:00-02:00,9074.0
1987-03-01,1987,1,3,ELETRO12_CEESE12,1987-03-01T00:00:00-03:00,9502.0
1987-04-01,1987,1,4,ELETRO12_CEESE12,1987-04-01T00:00:00-03:00,9227.0
1987-05-01,1987,1,5,ELETRO12_CEESE12,1987-05-01T00:00:00-03:00,9734.0
1987-06-01,1987,1,6,ELETRO12_CEESE12,1987-06-01T00:00:00-03:00,9219.0
1987-07-01,1987,1,7,ELETRO12_CEESE12,1987-07-01T00:00:00-03:00,9469.0
1987-08-01,1987,1,8,ELETRO12_CEESE12,1987-08-01T00:00:00-03:00,10006.0
1987-09-01,1987,1,9,ELETRO12_CEESE12,1987-09-01T00:00:00-03:00,9753.0
1987-10-01,1987,1,10,ELETRO12_CEESE12,1987-10-01T00:00:00-03:00,9785.0
1987-11-01,1987,1,11,ELETRO12_CEESE12,1987-11-01T00:00:00-03:00,10067.0
1987-12-01,1987,1,12,ELETRO12_CEESE12,1987-12-01T00:00:00-02:00,9589.0
1988-01-01,1988,1,1,ELETRO12_CEESE12,1988-01-01T00:00:00-02:00,10152.0
1988-02-01,1988,1,2,ELETRO12_CEESE12,1988-02-01T00:00:00-02:00,9761.0
1988-03-01,1988,1,3,ELETRO12_CEESE12,1988-03-01T00:00:00-03:00,9704.0
1988-04-01,1988,1,4,ELETRO12_CEESE12,1988-04-01T00:00:00-03:00,10320.0
1988-05-01,1988,1,5,ELETRO12_CEESE12,1988-05-01T00:00:00-03:00,9462.0
1988-06-01,1988,1,6,ELETRO12_CEESE12,1988-06-01T00:00:00-03:00,9791.0
1988-07-01,1988,1,7,ELETRO12_CEESE12,1988-07-01T00:00:00-03:00,9989.0
1988-08-01,1988,1,8,ELETRO12_CEESE12,1988-08-01T00:00:00-03:00,9882.0
1988-09-01,1988,1,9,ELETRO12_CEESE12,1988-09-01T00:00:00-03:00,10627.0
1988-10-01,1988,1,10,ELETRO12_CEESE12,1988-10-01T00:00:00-03:00,10388.0
1988-11-01,1988,1,11,ELETRO12_CEESE12,1988-11-01T00:00:00-03:00,9963.0
1988-12-01,1988,1,12,ELETRO12_CEESE12,1988-12-01T00:00:00-02:00,9994.0
1989-01-01,1989,1,1,ELETRO12_CEESE12,1989-01-01T00:00:00-02:00,9959.0
1989-02-01,1989,1,2,ELETRO12_CEESE12,1989-02-01T00:00:00-02:00,10238.0
1989-03-01,1989,1,3,ELETRO12_CEESE12,1989-03-01T00:00:00-03:00,9383.0
1989-04-01,1989,1,4,ELETRO12_CEESE12,1989-04-01T00:00:00-03:00,10604.0
1989-05-01,1989,1,5,ELETRO12_CEESE12,1989-05-01T00:00:00-03:00,9860.0
1989-06-01,1989,1,6,ELETRO12_CEESE12,1989-06-01T00:00:00-03:00,10300.0
1989-07-01,1989,1,7,ELETRO12_CEESE12,1989-07-01T00:00:00-03:00,10533.0
1989-08-01,1989,1,8,ELETRO12_CEESE12,1989-08-01T00:00:00-03:00,10365.0
1989-09-01,1989,1,9,ELETRO12_CEESE12,1989-09-01T00:00:00-03:00,11250.0
1989-10-01,1989,1,10,ELETRO12_CEESE12,1989-10-01T00:00:00-03:00,10540.0
1989-11-01,1989,1,11,ELETRO12_CEESE12,1989-11-01T00:00:00-03:00,10826.0
1989-12-01,1989,1,12,ELETRO12_CEESE12,1989-12-01T00:00:00-02:00,10268.0
1990-01-01,1990,1,1,ELETRO12_CEESE12,1990-01-01T00:00:00-02:00,10458.0
1990-02-01,1990,1,2,ELETRO12_CEESE12,1990-02-01T00:00:00-02:00,10754.0
1990-03-01,1990,1,3,ELETRO12_CEESE12,1990-03-01T00:00:00-03:00,10165.0
1990-04-01,1990,1,4,ELETRO12_CEESE12,1990-04-01T00:00:00-03:00,10492.0
1990-05-01,1990,1,5,ELETRO12_CEESE12,1990-05-01T00:00:00-03:00,9267.0
1990-06-01,1990,1,6,ELETRO12_CEESE12,1990-06-01T00:00:00-03:00,10046.0
1990-07-01,1990,1,7,ELETRO12_CEESE12,1990-07-01T00:00:00-03:00,9719.0
1990-08-01,1990,1,8,ELETRO12_CEESE12,1990-08-01T00:00:00-03:00,10303.0
1990-09-01,1990,1,9,ELETRO12_CEESE12,1990-09-01T00:00:00-03:00,11063.0
1990-10-01,1990,1,10,ELETRO12_CEESE12,1990-10-01T00:00:00-03:00,10377.0
1990-11-01,1990,1,11,ELETRO12_CEESE12,1990-11-01T00:00:00-03:00,11052.0
1990-12-01,1990,1,12,ELETRO12_CEESE12,1990-12-01T00:00:00-02:00,10204.0
1991-01-01,1991,1,1,ELETRO12_CEESE12,1991-01-01T00:00:00-02:00,9981.0
1991-02-01,1991,1,2,ELETRO12_CEESE12,1991-02-01T00:00:00-02:00,10236.0
1991-03-01,1991,1,3,ELETRO12_CEESE12,1991-03-01T00:00:00-03:00,9515.0
1991-04-01,1991,1,4,ELETRO12_CEESE12,1991-04-01T00:00:00-03:00,10133.0
1991-05-01,1991,1,5,ELETRO12_CEESE12,1991-05-01T00:00:00-03:00,10555.0
1991-06-01,1991,1,6,ELETRO12_CEESE12,1991-06-01T00:00:00-03:00,10763.0
1991-07-01,1991,1,7,ELETRO12_CEESE12,1991-07-01T00:00:00-03:00,10246.0
1991-08-01,1991,1,8,ELETRO12_CEESE12,1991-08-01T00:00:00-03:00,11126.0
1991-09-01,1991,1,9,ELETRO12_CEESE12,1991-09-01T00:00:00-03:00,11206.0
1991-10-01,1991,1,10,ELETRO12_CEESE12,1991-10-01T00:00:00-03:00,10855.0
1991-11-01,1991,1,11,ELETRO12_CEESE12,1991-11-01T00:00:00-03:00,11231.0
1991-12-01,1991,1,12,ELETRO12_CEESE12,1991-12-01T00:00:00-02:00,10628.0
1992-01-01,1992,1,1,ELETRO12_CEESE12,1992-01-01T00:00:00-02:00,10590.0
1992-02-01,1992,1,2,ELETRO12_CEESE12,1992-02-01T00:00:00-02:00,10610.0
1992-03-01,1992,1,3,ELETRO12_CEESE12,1992-03-01T00:00:00-03:00,10543.0
1992-04-01,1992,1,4,ELETRO12_CEESE12,1992-04-01T00:00:00-03:00,10259.0
1992-05-01,1992,1,5,ELETRO12_CEESE12,1992-05-01T00:00:00-03:00,10771.0
1992-06-01,1992,1,6,ELETRO12_CEESE12,1992-06-01T00:00:00-03:00,10425.0
1992-07-01,1992,1,7,ELETRO12_CEESE12,1992-07-01T00:00:00-03:00,10592.0
1992-08-01,1992,1,8,ELETRO12_CEESE12,1992-08-01T00:00:00-03:00,11027.0
1992-09-01,1992,1,9,ELETRO12_CEESE12,1992-09-01T00:00:00-03:00,10782.0
1992-10-01,1992,1,10,ELETRO12_CEESE12,1992-10-01T00:00:00-03:00,10744.0
1992-11-01,1992,1,11,ELETRO12_CEESE12,1992-11-01T00:00:00-03:00,11085.0
1992-12-01,1992,1,12,ELETRO12_CEESE12,1992-12-01T00:00:00-02:00,10403.0
1993-01-01,1993,1,1,ELETRO12_CEESE12,1993-01-01T00:00:00-02:00,10803.0
1993-02-01,1993,1,2,ELETRO12_CEESE12,1993-02-01T00:00:00-02:00,10371.0
1993-03-01,1993,1,3,ELETRO12_CEESE12,1993-03-01T00:00:00-03:00,10427.0
1993-04-01,1993,1,4,ELETRO12_CEESE12,1993-04-01T00:00:00-03:00,11516.0
1993-05-01,1993,1,5,ELETRO12_CEESE12,1993-05-01T00:00:00-03:00,10881.0
1993-06-01,1993,1,6,ELETRO12_CEESE12,1993-06-01T00:00:00-03:00,10949.0
1993-07-01,1993,1,7,ELETRO12_CEESE12,1993-07-01T00:00:00-03:00,10874.0
1993-08-01,1993,1,8,ELETRO12_CEESE12,1993-08-01T00:00:00-03:00,11267.0
1993-09-01,1993,1,9,ELETRO12_CEESE12,1993-09-01T00:00:00-03:00,11443.0
1993-10-01,1993,1,10,ELETRO12_CEESE12,1993-10-01T00:00:00-03:00,11170.0
1993-11-01,1993,1,11,ELETRO12_CEESE12,1993-11-01T00:00:00-03:00,11367.0
1993-12-01,1993,1,12,ELETRO12_CEESE12,1993-12-01T00:00:00-02:00,10898.0
1994-01-01,1994,1,1,ELETRO12_CEESE12,1994-01-01T00:00:00-02:00,10895.0
1994-02-01,1994,1,2,ELETRO12_CEESE12,1994-02-01T00:00:00-02:00,10773.0
1994-03-01,1994,1,3,ELETRO12_CEESE12,1994-03-01T00:00:00-03:00,10595.0
1994-04-01,1994,1,4,ELETRO12_CEESE12,1994-04-01T00:00:00-03:00,11432.0
1994-05-01,1994,1,5,ELETRO12_CEESE12,1994-05-01T00:00:00-03:00,10712.0
1994-06-01,1994,1,6,ELETRO12_CEESE12,1994-06-01T00:00:00-03:00,11242.0
1994-07-01,1994,1,7,ELETRO12_CEESE12,1994-07-01T00:00:00-03:00,10737.0
1994-08-01,1994,1,8,ELETRO12_CEESE12,1994-08-01T00:00:00-03:00,11028.0
1994-09-01,1994,1,9,ELETRO12_CEESE12,1994-09-01T00:00:00-03:00,11842.0
1994-10-01,1994,1,10,ELETRO12_CEESE12,1994-10-01T00:00:00-03:00,11695.0
1994-11-01,1994,1,11,ELETRO12_CEESE12,1994-11-01T00:00:00-03:00,11626.0
1994-12-01,1994,1,12,ELETRO12_CEESE12,1994-12-01T00:00:00-02:00,11552.0
1995-01-01,1995,1,1,ELETRO12_CEESE12,1995-01-01T00:00:00-02:00,11876.0
1995-02-01,1995,1,2,ELETRO12_CEESE12,1995-02-01T00:00:00-02:00,11914.0
1995-03-01,1995,1,3,ELETRO12_CEESE12,1995-03-01T00:00:00-03:00,11659.0
1995-04-01,1995,1,4,ELETRO12_CEESE12,1995-04-01T00:00:00-03:00,12243.0
1995-05-01,1995,1,5,ELETRO12_CEESE12,1995-05-01T00:00:00-03:00,11660.0
1995-06-01,1995,1,6,ELETRO12_CEESE12,1995-06-01T00:00:00-03:00,11737.0
1995-07-01,1995,1,7,ELETRO12_CEESE12,1995-07-01T00:00:00-03:00,11792.0
1995-08-01,1995,1,8,ELETRO12_CEESE12,1995-08-01T00:00:00-03:00,11777.0
1995-09-01,1995,1,9,ELETRO12_CEESE12,1995-09-01T00:00:00-03:00,12575.0
1995-10-01,1995,1,10,ELETRO12_CEESE12,1995-10-01T00:00:00-03:00,11981.0
1995-11-01,1995,1,11,ELETRO12_CEESE12,1995-11-01T00:00:00-03:00,12525.0
1995-12-01,1995,1,12,ELETRO12_CEESE12,1995-12-01T00:00:00-02:00,11987.0
1996-01-01,1996,1,1,ELETRO12_CEESE12,1996-01-01T00:00:00-02:00,11898.0
1996-02-01,1996,1,2,ELETRO12_CEESE12,1996-02-01T00:00:00-02:00,12372.0
1996-03-01,1996,1,3,ELETRO12_CEESE12,1996-03-01T00:00:00-03:00,12184.0
1996-04-01,1996,1,4,ELETRO12_CEESE12,1996-04-01T00:00:00-03:00,12618.0
1996-05-01,1996,1,5,ELETRO12_CEESE12,1996-05-01T00:00:00-03:00,12461.0
1996-06-01,1996,1,6,ELETRO12_CEESE12,1996-06-01T00:00:00-03:00,12617.0
1996-07-01,1996,1,7,ELETRO12_CEESE12,1996-07-01T00:00:00-03:00,12059.0
1996-08-01,1996,1,8,ELETRO12_CEESE12,1996-08-01T00:00:00-03:00,13114.0
1996-09-01,1996,1,9,ELETRO12_CEESE12,1996-09-01T00:00:00-03:00,12989.0
1996-10-01,1996,1,10,ELETRO12_CEESE12,1996-10-01T00:00:00-03:00,12927.0
1996-11-01,1996,1,11,ELETRO12_CEESE12,1996-11-01T00:00:00-03:00,13050.0
1996-12-01,1996,1,12,ELETRO12_CEESE12,1996-12-01T00:00:00-02:00,12798.0
1997-01-01,1997,1,1,ELETRO12_CEESE12,1997-01-01T00:00:00-02:00,13149.0
1997-02-01,1997,1,2,ELETRO12_CEESE12,1997-02-01T00:00:00-02:00,13216.0
1997-03-01,1997,1,3,ELETRO12_CEESE12,1997-03-01T00:00:00-03:00,12768.0
1997-04-01,1997,1,4,ELETRO12_CEESE12,1997-04-01T00:00:00-03:00,13040.0
1997-05-01,1997,1,5,ELETRO12_CEESE12,1997-05-01T00:00:00-03:00,13395.0
1997-06-01,1997,1,6,ELETRO12_CEESE12,1997-06-01T00:00:00-03:00,13096.0
1997-07-01,1997,1,7,ELETRO12_CEESE12,1997-07-01T00:00:00-03:00,13093.0
1997-08-01,1997,1,8,ELETRO12_CEESE12,1997-08-01T00:00:00-03:00,13654.0
1997-09-01,1997,1,9,ELETRO12_CEESE12,1997-09-01T00:00:00-03:00,13656.0
1997-10-01,1997,1,10,ELETRO12_CEESE12,1997-10-01T00:00:00-03:00,13869.0
1997-11-01,1997,1,11,ELETRO12_CEESE12,1997-11-01T00:00:00-03:00,14231.0
1997-12-01,1997,1,12,ELETRO12_CEESE12,1997-12-01T00:00:00-02:00,13513.0
1998-01-01,1998,1,1,ELETRO12_CEESE12,1998-01-01T00:00:00-02:00,14099.0
1998-02-01,1998,1,2,ELETRO12_CEESE12,1998-02-01T00:00:00-02:00,13559.0
1998-03-01,1998,1,3,ELETRO12_CEESE12,1998-03-01T00:00:00-03:00,13347.0
1998-04-01,1998,1,4,ELETRO12_CEESE12,1998-04-01T00:00:00-03:00,14114.0
1998-05-01,1998,1,5,ELETRO12_CEESE12,1998-05-01T00:00:00-03:00,13849.0
1998-06-01,1998,1,6,ELETRO12_CEESE12,1998-06-01T00:00:00-03:00,13229.0
1998-07-01,1998,1,7,ELETRO12_CEESE12,1998-07-01T00:00:00-03:00,13446.0
1998-08-01,1998,1,8,ELETRO12_CEESE12,1998-08-01T00:00:00-03:00,14101.0
1998-09-01,1998,1,9,ELETRO12_CEESE12,1998-09-01T00:00:00-03:00,14224.0
1998-10-01,1998,1,10,ELETRO12_CEESE12,1998-10-01T00:00:00-03:00,14133.0
1998-11-01,1998,1,11,ELETRO12_CEESE12,1998-11-01T00:00:00-03:00,13961.0
1998-12-01,1998,1,12,ELETRO12_CEESE12,1998-12-01T00:00:00-02:00,13509.0
1999-01-01,1999,1,1,ELETRO12_CEESE12,1999-01-01T00:00:00-02:00,13689.0
1999-02-01,1999,1,2,ELETRO12_CEESE12,1999-02-01T00:00:00-02:00,13409.0
1999-03-01,1999,1,3,ELETRO12_CEESE12,1999-03-01T00:00:00-03:00,13636.0
1999-04-01,1999,1,4,ELETRO12_CEESE12,1999-04-01T00:00:00-03:00,14678.0
1999-05-01,1999,1,5,ELETRO12_CEESE12,1999-05-01T00:00:00-03:00,13711.0
1999-06-01,1999,1,6,ELETRO12_CEESE12,1999-06-01T00:00:00-03:00,13902.0
1999-07-01,1999,1,7,ELETRO12_CEESE12,1999-07-01T00:00:00-03:00,13787.0
1999-08-01,1999,1,8,ELETRO12_CEESE12,1999-08-01T00:00:00-03:00,14129.0
1999-09-01,1999,1,9,ELETRO12_CEESE12,1999-09-01T00:00:00-03:00,14362.0
1999-10-01,1999,1,10,ELETRO12_CEESE12,1999-10-01T00:00:00-03:00,14218.0
1999-11-01,1999,1,11,ELETRO12_CEESE12,1999-11-01T00:00:00-03:00,14398.0
1999-12-01,1999,1,12,ELETRO12_CEESE12,1999-12-01T00:00:00-02:00,14117.0
2000-01-01,2000,1,1,ELETRO12_CEESE12,2000-01-01T00:00:00-02:00,14299.0
2000-02-01,2000,1,2,ELETRO12_CEESE12,2000-02-01T00:00:00-02:00,14282.0
2000-03-01,2000,1,3,ELETRO12_CEESE12,2000-03-01T00:00:00-03:00,14705.0
2000-04-01,2000,1,4,ELETRO12_CEESE12,2000-04-01T00:00:00-03:00,14694.0
2000-05-01,2000,1,5,ELETRO12_CEESE12,2000-05-01T00:00:00-03:00,14513.0
2000-06-01,2000,1,6,ELETRO12_CEESE12,2000-06-01T00:00:00-03:00,14521.0
2000-07-01,2000,1,7,ELETRO12_CEESE12,2000-07-01T00:00:00-03:00,14421.0
2000-08-01,2000,1,8,ELETRO12_CEESE12,2000-08-01T00:00:00-03:00,14465.0
2000-09-01,2000,1,9,ELETRO12_CEESE12,2000-09-01T00:00:00-03:00,14669.0
2000-10-01,2000,1,10,ELETRO12_CEESE12,2000-10-01T00:00:00-03:00,14947.0
2000-11-01,2000,1,11,ELETRO12_CEESE12,2000-11-01T00:00:00-03:00,15347.0
2000-12-01,2000,1,12,ELETRO12_CEESE12,2000-12-01T00:00:00-02:00,14653.0
2001-01-01,2001,1,1,ELETRO12_CEESE12,2001-01-01T00:00:00-02:00,14729.0
2001-02-01,2001,1,2,ELETRO12_CEESE12,2001-02-01T00:00:00-02:00,15373.0
2001-03-01,2001,1,3,ELETRO12_CEESE12,2001-03-01T00:00:00-03:00,15005.0
2001-04-01,2001,1,4,ELETRO12_CEESE12,2001-04-01T00:00:00-03:00,15628.0
2001-05-01,2001,1,5,ELETRO12_CEESE12,2001-05-01T00:00:00-03:00,15007.0
2001-06-01,2001,1,6,ELETRO12_CEESE12,2001-06-01T00:00:00-03:00,13361.0
2001-07-01,2001,1,7,ELETRO12_CEESE12,2001-07-01T00:00:00-03:00,10983.0
2001-08-01,2001,1,8,ELETRO12_CEESE12,2001-08-01T00:00:00-03:00,11216.0
2001-09-01,2001,1,9,ELETRO12_CEESE12,2001-09-01T00:00:00-03:00,11721.0
2001-10-01,2001,1,10,ELETRO12_CEESE12,2001-10-01T00:00:00-03:00,11680.0
2001-11-01,2001,1,11,ELETRO12_CEESE12,2001-11-01T00:00:00-03:00,11943.0
2001-12-01,2001,1,12,ELETRO12_CEESE12,2001-12-01T00:00:00-02:00,11840.0
2002-01-01,2002,1,1,ELETRO12_CEESE12,2002-01-01T00:00:00-02:00,12158.0
2002-02-01,2002,1,2,ELETRO12_CEESE12,2002-02-01T00:00:00-02:00,12416.0
2002-03-01,2002,1,3,ELETRO12_CEESE12,2002-03-01T00:00:00-03:00,12803.0
2002-04-01,2002,1,4,ELETRO12_CEESE12,2002-04-01T00:00:00-03:00,13661.0
2002-05-01,2002,1,5,ELETRO12_CEESE12,2002-05-01T00:00:00-03:00,13701.0
2002-06-01,2002,1,6,ELETRO12_CEESE12,2002-06-01T00:00:00-03:00,13363.0
2002-07-01,2002,1,7,ELETRO12_CEESE12,2002-07-01T00:00:00-03:00,12836.0
2002-08-01,2002,1,8,ELETRO12_CEESE12,2002-08-01T00:00:00-03:00,13326.0
2002-09-01,2002,1,9,ELETRO12_CEESE12,2002-09-01T00:00:00-03:00,13366.0
2002-10-01,2002,1,10,ELETRO12_CEESE12,2002-10-01T00:00:00-03:00,13574.0
2002-11-01,2002,1,11,ELETRO12_CEESE12,2002-11-01T00:00:00-03:00,13994.0
2002-12-01,2002,1,12,ELETRO12_CEESE12,2002-12-01T00:00:00-02:00,13638.0
2003-01-01,2003,1,1,ELETRO12_CEESE12,2003-01-01T00:00:00-02:00,13540.0
2003-02-01,2003,1,2,ELETRO12_CEESE12,2003-02-01T00:00:00-02:00,13461.0
2003-03-01,2003,1,3,ELETRO12_CEESE12,2003-03-01T00:00:00-03:00,13659.0
2003-04-01,2003,1,4,ELETRO12_CEESE12,2003-04-01T00:00:00-03:00,13279.0
2003-05-01,2003,1,5,ELETRO12_CEESE12,2003-05-01T00:00:00-03:00,13387.0
2003-06-01,2003,1,6,ELETRO12_CEESE12,2003-06-01T00:00:00-03:00,13100.0
2003-07-01,2003,1,7,ELETRO12_CEESE12,2003-07-01T00:00:00-03:00,12993.0
2003-08-01,2003,1,8,ELETRO12_CEESE12,2003-08-01T00:00:00-03:00,13259.0
2003-09-01,2003,1,9,ELETRO12_CEESE12,2003-09-01T00:00:00-03:00,13115.0
2003-10-01,2003,1,10,ELETRO12_CEESE12,2003-10-01T00:00:00-03:00,13829.0
2003-11-01,2003,1,11,ELETRO12_CEESE12,2003-11-01T00:00:00-03:00,13862.0
2003-12-01,2003,1,12,ELETRO12_CEESE12,2003-12-01T00:00:00-02:00,14042.0
2004-01-01,2004,1,1,ELETRO12_CEESE12,2004-01-01T00:00:00-02:00,13505.0
2004-02-01,2004,1,2,ELETRO12_CEESE12,2004-02-01T00:00:00-02:00,13229.0
2004-03-01,2004,1,3,ELETRO12_CEESE12,2004-03-01T00:00:00-03:00,13356.0
2004-04-01,2004,1,4,ELETRO12_CEESE12,2004-04-01T00:00:00-03:00,13796.0
2004-05-01,2004,1,5,ELETRO12_CEESE12,2004-05-01T00:00:00-03:00,14085.0
2004-06-01,2004,1,6,ELETRO12_CEESE12,2004-06-01T00:00:00-03:00,14081.0
2004-07-01,2004,1,7,ELETRO12_CEESE12,2004-07-01T00:00:00-03:00,14213.0
2004-08-01,2004,1,8,ELETRO12_CEESE12,2004-08-01T00:00:00-03:00,14320.0
2004-09-01,2004,1,9,ELETRO12_CEESE12,2004-09-01T00:00:00-03:00,14723.0
2004-10-01,2004,1,10,ELETRO12_CEESE12,2004-10-01T00:00:00-03:00,14981.0
2004-11-01,2004,1,11,ELETRO12_CEESE12,2004-11-01T00:00:00-03:00,14834.0
2004-12-01,2004,1,12,ELETRO12_CEESE12,2004-12-01T00:00:00-02:00,14772.0
2005-01-01,2005,1,1,ELETRO12_CEESE12,2005-01-01T00:00:00-02:00,15040.0
2005-02-01,2005,1,2,ELETRO12_CEESE12,2005-02-01T00:00:00-02:00,14528.0
2005-03-01,2005,1,3,ELETRO12_CEESE12,2005-03-01T00:00:00-03:00,14852.0
2005-04-01,2005,1,4,ELETRO12_CEESE12,2005-04-01T00:00:00-03:00,15550.0
2005-05-01,2005,1,5,ELETRO12_CEESE12,2005-05-01T00:00:00-03:00,14987.0
2005-06-01,2005,1,6,ELETRO12_CEESE12,2005-06-01T00:00:00-03:00,15164.0
2005-07-01,2005,1,7,ELETRO12_CEESE12,2005-07-01T00:00:00-03:00,14815.0
2005-08-01,2005,1,8,ELETRO12_CEESE12,2005-08-01T00:00:00-03:00,14904.0
2005-09-01,2005,1,9,ELETRO12_CEESE12,2005-09-01T00:00:00-03:00,15285.0
2005-10-01,2005,1,10,ELETRO12_CEESE12,2005-10-01T00:00:00-03:00,15245.0
2005-11-01,2005,1,11,ELETRO12_CEESE12,2005-11-01T00:00:00-02:00,15468.0
2005-12-01,2005,1,12,ELETRO12_CEESE12,2005-12-01T00:00:00-02:00,15242.0
2006-01-01,2006,1,1,ELETRO12_CEESE12,2006-01-01T00:00:00-02:00,17289.0
2006-02-01,2006,1,2,ELETRO12_CEESE12,2006-02-01T00:00:00-02:00,16809.0
2006-03-01,2006,1,3,ELETRO12_CEESE12,2006-03-01T00:00:00-03:00,17006.0
2006-04-01,2006,1,4,ELETRO12_CEESE12,2006-04-01T00:00:00-03:00,16122.0
2006-05-01,2006,1,5,ELETRO12_CEESE12,2006-05-01T00:00:00-03:00,16260.0
2006-06-01,2006,1,6,ELETRO12_CEESE12,2006-06-01T00:00:00-03:00,15473.0
2006-07-01,2006,1,7,ELETRO12_CEESE12,2006-07-01T00:00:00-03:00,15209.0
2006-08-01,2006,1,8,ELETRO12_CEESE12,2006-08-01T00:00:00-03:00,15789.0
2006-09-01,2006,1,9,ELETRO12_CEESE12,2006-09-01T00:00:00-03:00,15860.0
2006-10-01,2006,1,10,ELETRO12_CEESE12,2006-10-01T00:00:00-03:00,15890.0
2006-11-01,2006,1,11,ELETRO12_CEESE12,2006-11-01T00:00:00-03:00,16723.0
2006-12-01,2006,1,12,ELETRO12_CEESE12,2006-12-01T00:00:00-02:00,16690.0
2007-01-01,2007,1,1,ELETRO12_CEESE12,2007-01-01T00:00:00-02:00,16528.0
2007-02-01,2007,1,2,ELETRO12_CEESE12,2007-02-01T00:00:00-02:00,16512.0
2007-03-01,2007,1,3,ELETRO12_CEESE12,2007-03-01T00:00:00-03:00,17593.0
2007-04-01,2007,1,4,ELETRO12_CEESE12,2007-04-01T00:00:00-03:00,17664.0
2007-05-01,2007,1,5,ELETRO12_CEESE12,2007-05-01T00:00:00-03:00,17337.0
2007-06-01,2007,1,6,ELETRO12_CEESE12,2007-06-01T00:00:00-03:00,16896.0
2007-07-01,2007,1,7,ELETRO12_CEESE12,2007-07-01T00:00:00-03:00,16622.0
2007-08-01,2007,1,8,ELETRO12_CEESE12,2007-08-01T00:00:00-03:00,17013.0
2007-09-01,2007,1,9,ELETRO12_CEESE12,2007-09-01T00:00:00-03:00,17586.0
2007-10-01,2007,1,10,ELETRO12_CEESE12,2007-10-01T00:00:00-03:00,17489.0
2007-11-01,2007,1,11,ELETRO12_CEESE12,2007-11-01T00:00:00-02:00,17983.0
2007-12-01,2007,1,12,ELETRO12_CEESE12,2007-12-01T00:00:00-02:00,17622.0
2008-01-01,2008,1,1,ELETRO12_CEESE12,2008-01-01T00:00:00-02:00,17552.0
2008-02-01,2008,1,2,ELETRO12_CEESE12,2008-02-01T00:00:00-02:00,17445.0
2008-03-01,2008,1,3,ELETRO12_CEESE12,2008-03-01T00:00:00-03:00,17566.0
2008-04-01,2008,1,4,ELETRO12_CEESE12,2008-04-01T00:00:00-03:00,17576.0
2008-05-01,2008,1,5,ELETRO12_CEESE12,2008-05-01T00:00:00-03:00,17862.0
2008-06-01,2008,1,6,ELETRO12_CEESE12,2008-06-01T00:00:00-03:00,17415.0
2008-07-01,2008,1,7,ELETRO12_CEESE12,2008-07-01T00:00:00-03:00,17747.0
2008-08-01,2008,1,8,ELETRO12_CEESE12,2008-08-01T00:00:00-03:00,18282.0
2008-09-01,2008,1,9,ELETRO12_CEESE12,2008-09-01T00:00:00-03:00,18157.0
2008-10-01,2008,1,10,ELETRO12_CEESE12,2008-10-01T00:00:00-03:00,18526.0
2008-11-01,2008,1,11,ELETRO12_CEESE12,2008-11-01T00:00:00-02:00,18439.0
2008-12-01,2008,1,12,ELETRO12_CEESE12,2008-12-01T00:00:00-02:00,16842.0
2009-01-01,2009,1,1,ELETRO12_CEESE12,2009-01-01T00:00:00-02:00,16346.0
2009-02-01,2009,1,2,ELETRO12_CEESE12,2009-02-01T00:00:00-02:00,16418.0
2009-03-01,2009,1,3,ELETRO12_CEESE12,2009-03-01T00:00:00-03:00,17161.0
2009-04-01,2009,1,4,ELETRO12_CEESE12,2009-04-01T00:00:00-03:00,17282.0
2009-05-01,2009,1,5,ELETRO12_CEESE12,2009-05-01T00:00:00-03:00,16781.0
2009-06-01,2009,1,6,ELETRO12_CEESE12,2009-06-01T00:00:00-03:00,16620.0
2009-07-01,2009,1,7,ELETRO12_CEESE12,2009-07-01T00:00:00-03:00,16936.0
2009-08-01,2009,1,8,ELETRO12_CEESE12,2009-08-01T00:00:00-03:00,17469.0
2009-09-01,2009,1,9,ELETRO12_CEESE12,2009-09-01T00:00:00-03:00,17796.0
2009-10-01,2009,1,10,ELETRO12_CEESE12,2009-10-01T00:00:00-03:00,18111.0
2009-11-01,2009,1,11,ELETRO12_CEESE12,2009-11-01T00:00:00-02:00,18388.0
2009-12-01,2009,1,12,ELETRO12_CEESE12,2009-12-01T00:00:00-02:00,18492.0
2010-01-01,2010,1,1,ELETRO12_CEESE12,2010-01-01T00:00:00-02:00,17684.0
2010-02-01,2010,1,2,ELETRO12_CEESE12,2010-02-01T00:00:00-02:00,18113.0
2010-03-01,2010,1,3,ELETRO12_CEESE12,2010-03-01T00:00:00-03:00,18522.0
2010-04-01,2010,1,4,ELETRO12_CEESE12,2010-04-01T00:00:00-03:00,18825.0
2010-05-01,2010,1,5,ELETRO12_CEESE12,2010-05-01T00:00:00-03:00,18240.0
2010-06-01,2010,1,6,ELETRO12_CEESE12,2010-06-01T00:00:00-03:00,18213.0
2010-07-01,2010,1,7,ELETRO12_CEESE12,2010-07-01T00:00:00-03:00,17936.0
2010-08-01,2010,1,8,ELETRO12_CEESE12,2010-08-01T00:00:00-03:00,18657.0
2010-09-01,2010,1,9,ELETRO12_CEESE12,2010-09-01T00:00:00-03:00,18980.0
2010-10-01,2010,1,10,ELETRO12_CEESE12,2010-10-01T00:00:00-03:00,18818.0
2010-11-01,2010,1,11,ELETRO12_CEESE12,2010-11-01T00:00:00-02:00,18710.0
2010-12-01,2010,1,12,ELETRO12_CEESE12,2010-12-01T00:00:00-02:00,19306.0
2011-01-01,2011,1,1,ELETRO12_CEESE12,2011-01-01T00:00:00-02:00,19248.0
2011-02-01,2011,1,2,ELETRO12_CEESE12,2011-02-01T00:00:00-02:00,19218.0
2011-03-01,2011,1,3,ELETRO12_CEESE12,2011-03-01T00:00:00-03:00,19391.0
2011-04-01,2011,1,4,ELETRO12_CEESE12,2011-04-01T00:00:00-03:00,19369.0
2011-05-01,2011,1,5,ELETRO12_CEESE12,2011-05-01T00:00:00-03:00,18909.0
2011-06-01,2011,1,6,ELETRO12_CEESE12,2011-06-01T00:00:00-03:00,18738.0
2011-07-01,2011,1,7,ELETRO12_CEESE12,2011-07-01T00:00:00-03:00,18732.0
2011-08-01,2011,1,8,ELETRO12_CEESE12,2011-08-01T00:00:00-03:00,19249.0
2011-09-01,2011,1,9,ELETRO12_CEESE12,2011-09-01T00:00:00-03:00,19754.0
2011-10-01,2011,1,10,ELETRO12_CEESE12,2011-10-01T00:00:00-03:00,19385.0
2011-11-01,2011,1,11,ELETRO12_CEESE12,2011-11-01T00:00:00-02:00,19379.0
2011-12-01,2011,1,12,ELETRO12_CEESE12,2011-12-01T00:00:00-02:00,19298.0
2012-01-01,2012,1,1,ELETRO12_CEESE12,2012-01-01T00:00:00-02:00,18914.0
2012-02-01,2012,1,2,ELETRO12_CEESE12,2012-02-01T00:00:00-02:00,19338.0
2012-03-01,2012,1,3,ELETRO12_CEESE12,2012-03-01T00:00:00-03:00,20229.0
2012-04-01,2012,1,4,ELETRO12_CEESE12,2012-04-01T00:00:00-03:00,20294.0
2012-05-01,2012,1,5,ELETRO12_CEESE12,2012-05-01T00:00:00-03:00,19243.0
2012-06-01,2012,1,6,ELETRO12_CEESE12,2012-06-01T00:00:00-03:00,19341.0
2012-07-01,2012,1,7,ELETRO12_CEESE12,2012-07-01T00:00:00-03:00,18761.0
2012-08-01,2012,1,8,ELETRO12_CEESE12,2012-08-01T00:00:00-03:00,19391.0
2012-09-01,2012,1,9,ELETRO12_CEESE12,2012-09-01T00:00:00-03:00,19903.0
2012-10-01,2012,1,10,ELETRO12_CEESE12,2012-10-01T00:00:00-03:00,19836.0
2012-11-01,2012,1,11,ELETRO12_CEESE12,2012-11-01T00:00:00-02:00,20484.0
2012-12-01,2012,1,12,ELETRO12_CEESE12,2012-12-01T00:00:00-02:00,19504.0
2013-01-01,2013,1,1,ELETRO12_CEESE12,2013-01-01T00:00:00-02:00,20088.0
2013-02-01,2013,1,2,ELETRO12_CEESE12,2013-02-01T00:00:00-02:00,19774.0
2013-03-01,2013,1,3,ELETRO12_CEESE12,2013-03-01T00:00:00-03:00,19905.0
2013-04-01,2013,1,4,ELETRO12_CEESE12,2013-04-01T00:00:00-03:00,20096.0
2013-05-01,2013,1,5,ELETRO12_CEESE12,2013-05-01T00:00:00-03:00,19910.0
2013-06-01,2013,1,6,ELETRO12_CEESE12,2013-06-01T00:00:00-03:00,19651.0
2013-07-01,2013,1,7,ELETRO12_CEESE12,2013-07-01T00:00:00-03:00,19330.0
2013-08-01,2013,1,8,ELETRO12_CEESE12,2013-08-01T00:00:00-03:00,19837.0
2013-09-01,2013,1,9,ELETRO12_CEESE12,2013-09-01T00:00:00-03:00,20026.0
2013-10-01,2013,1,10,ELETRO12_CEESE12,2013-10-01T00:00:00-03:00,20324.0
2013-11-01,2013,1,11,ELETRO12_CEESE12,2013-11-01T00:00:00-02:00,20764.0
2013-12-01,2013,1,12,ELETRO12_CEESE12,2013-12-01T00:00:00-02:00,20380.0
2014-01-01,2014,1,1,ELETRO12_CEESE12,2014-01-01T00:00:00-02:00,20638.0
2014-02-01,2014,1,2,ELETRO12_CEESE12,2014-02-01T00:00:00-02:00,21500.0
2014-03-01,2014,1,3,ELETRO12_CEESE12,2014-03-01T00:00:00-03:00,20722.0
2014-04-01,2014,1,4,ELETRO12_CEESE12,2014-04-01T00:00:00-03:00,20299.0
2014-05-01,2014,1,5,ELETRO12_CEESE12,2014-05-01T00:00:00-03:00,20005.0
2014-06-01,2014,1,6,ELETRO12_CEESE12,2014-06-01T00:00:00-03:00,19162.0
2014-07-01,2014,1,7,ELETRO12_CEESE12,2014-07-01T00:00:00-03:00,19080.0
2014-08-01,2014,1,8,ELETRO12_CEESE12,2014-08-01T00:00:00-03:00,19329.0
2014-09-01,2014,1,9,ELETRO12_CEESE12,2014-09-01T00:00:00-03:00,19414.0
2014-10-01,2014,1,10,ELETRO12_CEESE12,2014-10-01T00:00:00-03:00,20242.0
2014-11-01,2014,1,11,ELETRO12_CEESE12,2014-11-01T00:00:00-02:00,20794.0
2014-12-01,2014,1,12,ELETRO12_CEESE12,2014-12-01T00:00:00-02:00,20099.0
2015-01-01,2015,1,1,ELETRO12_CEESE12,2015-01-01T00:00:00-02:00,20859.0
2015-02-01,2015,1,2,ELETRO12_CEESE12,2015-02-01T00:00:00-02:00,20774.0
2015-03-01,2015,1,3,ELETRO12_CEESE12,2015-03-01T00:00:00-03:00,20148.0
2015-04-01,2015,1,4,ELETRO12_CEESE12,2015-04-01T00:00:00-03:00,20094.0
2015-05-01,2015,1,5,ELETRO12_CEESE12,2015-05-01T00:00:00-03:00,19176.0
2015-06-01,2015,1,6,ELETRO12_CEESE12,2015-06-01T00:00:00-03:00,18623.0
2015-07-01,2015,1,7,ELETRO12_CEESE12,2015-07-01T00:00:00-03:00,18400.0
2015-08-01,2015,1,8,ELETRO12_CEESE12,2015-08-01T00:00:00-03:00,18947.0
2015-09-01,2015,1,9,ELETRO12_CEESE12,2015-09-01T00:00:00-03:00,18778.0
2015-10-01,2015,1,10,ELETRO12_CEESE12,2015-10-01T00:00:00-03:00,19695.0
2015-11-01,2015,1,11,ELETRO12_CEESE12,2015-11-01T00:00:00-02:00,19711.0
2015-12-01,2015,1,12,ELETRO12_CEESE12,2015-12-01T00:00:00-02:00,19231.0
2016-01-01,2016,1,1,ELETRO12_CEESE12,2016-01-01T00:00:00-02:00,19188.0
2016-02-01,2016,1,2,ELETRO12_CEESE12,2016-02-01T00:00:00-02:00,19370.0
2016-03-01,2016,1,3,ELETRO12_CEESE12,2016-03-01T00:00:00-03:00,19510.0
2016-04-01,2016,1,4,ELETRO12_CEESE12,2016-04-01T00:00:00-03:00,20454.0
2016-05-01,2016,1,5,ELETRO12_CEESE12,2016-05-01T00:00:00-03:00,19210.0
2016-06-01,2016,1,6,ELETRO12_CEESE12,2016-06-01T00:00:00-03:00,18563.0
2016-07-01,2016,1,7,ELETRO12_CEESE12,2016-07-01T00:00:00-03:00,18294.0
2016-08-01,2016,1,8,ELETRO12_CEESE12,2016-08-01T00:00:00-03:00,18618.0
2016-09-01,2016,1,9,ELETRO12_CEESE12,2016-09-01T00:00:00-03:00,19184.0
2016-10-01,2016,1,10,ELETRO12_CEESE12,2016-10-01T00:00:00-03:00,19062.0
2016-11-01,2016,1,11,ELETRO12_CEESE12,2016-11-01T00:00:00-02:00,19267.0
2016-12-01,2016,1,12,ELETRO12_CEESE12,2016-12-01T00:00:00-02:00,19178.0
2017-01-01,2017,1,1,ELETRO12_CEESE12,2017-01-01T00:00:00-02:00,19558.0
2017-02-01,2017,1,2,ELETRO12_CEESE12,2017-02-01T00:00:00-02:00,19443.0
2017-03-01,2017,1,3,ELETRO12_CEESE12,2017-03-01T00:00:00-03:00,20141.0
2017-04-01,2017,1,4,ELETRO12_CEESE12,2017-04-01T00:00:00-03:00,19728.0
2017-05-01,2017,1,5,ELETRO12_CEESE12,2017-05-01T00:00:00-03:00,18865.0
2017-06-01,2017,1,6,ELETRO12_CEESE12,2017-06-01T00:00:00-03:00,18771.0
2017-07-01,2017,1,7,ELETRO12_CEESE12,2017-07-01T00:00:00-03:00,18475.0
2017-08-01,2017,1,8,ELETRO12_CEESE12,2017-08-01T00:00:00-03:00,18426.0
2017-09-01,2017,1,9,ELETRO12_CEESE12,2017-09-01T00:00:00-03:00,19253.0
2017-10-01,2017,1,10,ELETRO12_CEESE12,2017-10-01T00:00:00-03:00,19368.0
2017-11-01,2017,1,11,ELETRO12_CEESE12,2017-11-01T00:00:00-02:00,19795.0
2017-12-01,2017,1,12,ELETRO12_CEESE12,2017-12-01T00:00:00-02:00,19610.0
2018-01-01,2018,1,1,ELETRO12_CEESE12,2018-01-01T00:00:00-02:00,19658.0
2018-02-01,2018,1,2,ELETRO12_CEESE12,2018-02-01T00:00:00-02:00,19754.0
2018-03-01,2018,1,3,ELETRO12_CEESE12,2018-03-01T00:00:00-03:00,19983.0
2018-04-01,2018,1,4,ELETRO12_CEESE12,2018-04-01T00:00:00-03:00,20696.0
2018-05-01,2018,1,5,ELETRO12_CEESE12,2018-05-01T00:00:00-03:00,19582.0
2018-06-01,2018,1,6,ELETRO12_CEESE12,2018-06-01T00:00:00-03:00,18920.0
2018-07-01,2018,1,7,ELETRO12_CEESE12,2018-07-01T00:00:00-03:00,18856.0
2018-08-01,2018,1,8,ELETRO12_CEESE12,2018-08-01T00:00:00-03:00,19079.0
2018-09-01,2018,1,9,ELETRO12_CEESE12,2018-09-01T00:00:00-03:00,19644.0
2018-10-01,2018,1,10,ELETRO12_CEESE12,2018-10-01T00:00:00-03:00,19632.0
2018-11-01,2018,1,11,ELETRO12_CEESE12,2018-11-01T00:00:00-03:00,20071.0
2018-12-01,2018,1,12,ELETRO12_CEESE12,2018-12-01T00:00:00-02:00,19996.0
2019-01-01,2019,1,1,ELETRO12_CEESE12,2019-01-01T00:00:00-02:00,20574.0
2019-02-01,2019,1,2,ELETRO12_CEESE12,2019-02-01T00:00:00-02:00,20687.0
2019-03-01,2019,1,3,ELETRO12_CEESE12,2019-03-01T00:00:00-03:00,20567.0
2019-04-01,2019,1,4,ELETRO12_CEESE12,2019-04-01T00:00:00-03:00,19841.0
2019-05-01,2019,1,5,ELETRO12_CEESE12,2019-05-01T00:00:00-03:00,20245.0
2019-06-01,2019,1,6,ELETRO12_CEESE12,2019-06-01T00:00:00-03:00,19071.0
2019-07-01,2019,1,7,ELETRO12_CEESE12,2019-07-01T00:00:00-03:00,18761.0
2019-08-01,2019,1,8,ELETRO12_CEESE12,2019-08-01T00:00:00-03:00,18944.0
2019-09-01,2019,1,9,ELETRO12_CEESE12,2019-09-01T00:00:00-03:00,19357.0
2019-10-01,2019,1,10,ELETRO12_CEESE12,2019-10-01T00:00:00-03:00,20219.0
2019-11-01,2019,1,11,ELETRO12_CEESE12,2019-11-01T00:00:00-03:00,20646.0
2019-12-01,2019,1,12,ELETRO12_CEESE12,2019-12-01T00:00:00-03:00,19532.0
2020-01-01,2020,1,1,ELETRO12_CEESE12,2020-01-01T00:00:00-03:00,20108.0
2020-02-01,2020,1,2,ELETRO12_CEESE12,2020-02-01T00:00:00-03:00,19952.0
2020-03-01,2020,1,3,ELETRO12_CEESE12,2020-03-01T00:00:00-03:00,20174.0
2020-04-01,2020,1,4,ELETRO12_CEESE12,2020-04-01T00:00:00-03:00,18026.0
2020-05-01,2020,1,5,ELETRO12_CEESE12,2020-05-01T00:00:00-03:00,17430.0
2020-06-01,2020,1,6,ELETRO12_CEESE12,2020-06-01T00:00:00-03:00,17289.0
2020-07-01,2020,1,7,ELETRO12_CEESE12,2020-07-01T00:00:00-03:00,18342.0
2020-08-01,2020,1,8,ELETRO12_CEESE12,2020-08-01T00:00:00-03:00,19270.0
2020-09-01,2020,1,9,ELETRO12_CEESE12,2020-09-01T00:00:00-03:00,19717.0
2020-10-01,2020,1,10,ELETRO12_CEESE12,2020-10-01T00:00:00-03:00,20846.0
2020-11-01,2020,1,11,ELETRO12_CEESE12,2020-11-01T00:00:00-03:00,20018.0
