DATE,YEAR,DAY,MONTH,CODE,RAW DATE,VALUE (R$ (do último mês))
1940-07-01,1940,1,7,GAC12_SALMINRE12,1940-07-01T00:00:00-03:00,456.27272466742
1940-08-01,1940,1,8,GAC12_SALMINRE12,1940-08-01T00:00:00-03:00,454.998728228378
1940-09-01,1940,1,9,GAC12_SALMINRE12,1940-09-01T00:00:00-03:00,454.589597590548
1940-10-01,1940,1,10,GAC12_SALMINRE12,1940-10-01T00:00:00-03:00,447.474749080172
1940-11-01,1940,1,11,GAC12_SALMINRE12,1940-11-01T00:00:00-03:00,437.414221974755
1940-12-01,1940,1,12,GAC12_SALMINRE12,1940-12-01T00:00:00-02:00,445.024134677743
1941-01-01,1941,1,1,GAC12_SALMINRE12,1941-01-01T00:00:00-02:00,433.493215154629
1941-02-01,1941,1,2,GAC12_SALMINRE12,1941-02-01T00:00:00-02:00,415.661343517718
1941-03-01,1941,1,3,GAC12_SALMINRE12,1941-03-01T00:00:00-03:00,430.024150132134
1941-04-01,1941,1,4,GAC12_SALMINRE12,1941-04-01T00:00:00-03:00,424.757161331623
1941-05-01,1941,1,5,GAC12_SALMINRE12,1941-05-01T00:00:00-03:00,409.365035978818
1941-06-01,1941,1,6,GAC12_SALMINRE12,1941-06-01T00:00:00-03:00,399.263665248044
1941-07-01,1941,1,7,GAC12_SALMINRE12,1941-07-01T00:00:00-03:00,405.590883023205
1941-08-01,1941,1,8,GAC12_SALMINRE12,1941-08-01T00:00:00-03:00,400.227830099866
1941-09-01,1941,1,9,GAC12_SALMINRE12,1941-09-01T00:00:00-03:00,396.972654334324
1941-10-01,1941,1,10,GAC12_SALMINRE12,1941-10-01T00:00:00-03:00,402.568354461338
1941-11-01,1941,1,11,GAC12_SALMINRE12,1941-11-01T00:00:00-03:00,394.713554722361
1941-12-01,1941,1,12,GAC12_SALMINRE12,1941-12-01T00:00:00-02:00,399.91241613208
1942-01-01,1942,1,1,GAC12_SALMINRE12,1942-01-01T00:00:00-02:00,403.585039996042
1942-02-01,1942,1,2,GAC12_SALMINRE12,1942-02-01T00:00:00-02:00,401.57715422492
1942-03-01,1942,1,3,GAC12_SALMINRE12,1942-03-01T00:00:00-03:00,402.260997921385
1942-04-01,1942,1,4,GAC12_SALMINRE12,1942-04-01T00:00:00-03:00,383.800207920413
1942-05-01,1942,1,5,GAC12_SALMINRE12,1942-05-01T00:00:00-03:00,376.643972443979
1942-06-01,1942,1,6,GAC12_SALMINRE12,1942-06-01T00:00:00-03:00,363.661265273706
1942-07-01,1942,1,7,GAC12_SALMINRE12,1942-07-01T00:00:00-03:00,353.343631241455
1942-08-01,1942,1,8,GAC12_SALMINRE12,1942-08-01T00:00:00-03:00,348.774682895525
1942-09-01,1942,1,9,GAC12_SALMINRE12,1942-09-01T00:00:00-03:00,341.667988729942
1942-10-01,1942,1,10,GAC12_SALMINRE12,1942-10-01T00:00:00-03:00,345.81780235824
1942-11-01,1942,1,11,GAC12_SALMINRE12,1942-11-01T00:00:00-03:00,344.852216153011
1942-12-01,1942,1,12,GAC12_SALMINRE12,1942-12-01T00:00:00-02:00,345.577929805603
1943-01-01,1943,1,1,GAC12_SALMINRE12,1943-01-01T00:00:00-02:00,339.300863824845
1943-02-01,1943,1,2,GAC12_SALMINRE12,1943-02-01T00:00:00-02:00,334.616236513653
1943-03-01,1943,1,3,GAC12_SALMINRE12,1943-03-01T00:00:00-03:00,335.085356012069
1943-04-01,1943,1,4,GAC12_SALMINRE12,1943-04-01T00:00:00-03:00,324.978523918214
1943-05-01,1943,1,5,GAC12_SALMINRE12,1943-05-01T00:00:00-03:00,323.683788763161
1943-06-01,1943,1,6,GAC12_SALMINRE12,1943-06-01T00:00:00-03:00,325.212286509756
1943-07-01,1943,1,7,GAC12_SALMINRE12,1943-07-01T00:00:00-03:00,394.368799124172
1943-08-01,1943,1,8,GAC12_SALMINRE12,1943-08-01T00:00:00-03:00,393.620919377354
1943-09-01,1943,1,9,GAC12_SALMINRE12,1943-09-01T00:00:00-03:00,385.600430424523
1943-10-01,1943,1,10,GAC12_SALMINRE12,1943-10-01T00:00:00-03:00,370.093512260797
1943-11-01,1943,1,11,GAC12_SALMINRE12,1943-11-01T00:00:00-03:00,369.649932341986
1943-12-01,1943,1,12,GAC12_SALMINRE12,1943-12-01T00:00:00-02:00,458.997399895286
1944-01-01,1944,1,1,GAC12_SALMINRE12,1944-01-01T00:00:00-02:00,415.570303209856
1944-02-01,1944,1,2,GAC12_SALMINRE12,1944-02-01T00:00:00-02:00,410.173307295051
1944-03-01,1944,1,3,GAC12_SALMINRE12,1944-03-01T00:00:00-03:00,397.645261143717
1944-04-01,1944,1,4,GAC12_SALMINRE12,1944-04-01T00:00:00-03:00,395.52423507466
1944-05-01,1944,1,5,GAC12_SALMINRE12,1944-05-01T00:00:00-03:00,385.859879312184
1944-06-01,1944,1,6,GAC12_SALMINRE12,1944-06-01T00:00:00-03:00,380.522233763672
1944-07-01,1944,1,7,GAC12_SALMINRE12,1944-07-01T00:00:00-03:00,381.799995639222
1944-08-01,1944,1,8,GAC12_SALMINRE12,1944-08-01T00:00:00-03:00,379.844222218388
1944-09-01,1944,1,9,GAC12_SALMINRE12,1944-09-01T00:00:00-03:00,379.168622527037
1944-10-01,1944,1,10,GAC12_SALMINRE12,1944-10-01T00:00:00-03:00,358.90164388317
1944-11-01,1944,1,11,GAC12_SALMINRE12,1944-11-01T00:00:00-03:00,346.505596157537
1944-12-01,1944,1,12,GAC12_SALMINRE12,1944-12-01T00:00:00-02:00,332.456242567885
1945-01-01,1945,1,1,GAC12_SALMINRE12,1945-01-01T00:00:00-02:00,328.993170224326
1945-02-01,1945,1,2,GAC12_SALMINRE12,1945-02-01T00:00:00-02:00,331.422571392148
1945-03-01,1945,1,3,GAC12_SALMINRE12,1945-03-01T00:00:00-03:00,324.177999596485
1945-04-01,1945,1,4,GAC12_SALMINRE12,1945-04-01T00:00:00-03:00,327.539960582981
1945-05-01,1945,1,5,GAC12_SALMINRE12,1945-05-01T00:00:00-03:00,327.539960582981
1945-06-01,1945,1,6,GAC12_SALMINRE12,1945-06-01T00:00:00-03:00,330.972347136108
1945-07-01,1945,1,7,GAC12_SALMINRE12,1945-07-01T00:00:00-03:00,328.486231369072
1945-08-01,1945,1,8,GAC12_SALMINRE12,1945-08-01T00:00:00-03:00,324.177999596485
1945-09-01,1945,1,9,GAC12_SALMINRE12,1945-09-01T00:00:00-03:00,325.104952844847
1945-10-01,1945,1,10,GAC12_SALMINRE12,1945-10-01T00:00:00-03:00,317.657029719773
1945-11-01,1945,1,11,GAC12_SALMINRE12,1945-11-01T00:00:00-03:00,315.366235220008
1945-12-01,1945,1,12,GAC12_SALMINRE12,1945-12-01T00:00:00-02:00,313.165710380695
1946-01-01,1946,1,1,GAC12_SALMINRE12,1946-01-01T00:00:00-02:00,304.93484678731
1946-02-01,1946,1,2,GAC12_SALMINRE12,1946-02-01T00:00:00-02:00,304.119200987108
1946-03-01,1946,1,3,GAC12_SALMINRE12,1946-03-01T00:00:00-03:00,304.93484678731
1946-04-01,1946,1,4,GAC12_SALMINRE12,1946-04-01T00:00:00-03:00,301.591615751988
1946-05-01,1946,1,5,GAC12_SALMINRE12,1946-05-01T00:00:00-03:00,298.373094311877
1946-06-01,1946,1,6,GAC12_SALMINRE12,1946-06-01T00:00:00-03:00,292.840097921061
1946-07-01,1946,1,7,GAC12_SALMINRE12,1946-07-01T00:00:00-03:00,288.627777080272
1946-08-01,1946,1,8,GAC12_SALMINRE12,1946-08-01T00:00:00-03:00,271.922948069557
1946-09-01,1946,1,9,GAC12_SALMINRE12,1946-09-01T00:00:00-03:00,261.620129089518
1946-10-01,1946,1,10,GAC12_SALMINRE12,1946-10-01T00:00:00-03:00,252.069315770954
1946-11-01,1946,1,11,GAC12_SALMINRE12,1946-11-01T00:00:00-03:00,245.360459356983
1946-12-01,1946,1,12,GAC12_SALMINRE12,1946-12-01T00:00:00-02:00,240.550250578606
1947-01-01,1947,1,1,GAC12_SALMINRE12,1947-01-01T00:00:00-02:00,227.673346126148
1947-02-01,1947,1,2,GAC12_SALMINRE12,1947-02-01T00:00:00-02:00,224.230996814155
1947-03-01,1947,1,3,GAC12_SALMINRE12,1947-03-01T00:00:00-03:00,220.862583150949
1947-04-01,1947,1,4,GAC12_SALMINRE12,1947-04-01T00:00:00-03:00,220.405854583199
1947-05-01,1947,1,5,GAC12_SALMINRE12,1947-05-01T00:00:00-03:00,223.525779742424
1947-06-01,1947,1,6,GAC12_SALMINRE12,1947-06-01T00:00:00-03:00,228.160724192332
1947-07-01,1947,1,7,GAC12_SALMINRE12,1947-07-01T00:00:00-03:00,237.733563290107
1947-08-01,1947,1,8,GAC12_SALMINRE12,1947-08-01T00:00:00-03:00,238.231729519297
1947-09-01,1947,1,9,GAC12_SALMINRE12,1947-09-01T00:00:00-03:00,233.694388465972
1947-10-01,1947,1,10,GAC12_SALMINRE12,1947-10-01T00:00:00-03:00,231.505541978655
1947-11-01,1947,1,11,GAC12_SALMINRE12,1947-11-01T00:00:00-03:00,230.535359218938
1947-12-01,1947,1,12,GAC12_SALMINRE12,1947-12-01T00:00:00-02:00,227.218316464195
1948-01-01,1948,1,1,GAC12_SALMINRE12,1948-01-01T00:00:00-02:00,223.760245565221
1948-02-01,1948,1,2,GAC12_SALMINRE12,1948-02-01T00:00:00-02:00,223.185764832063
1948-03-01,1948,1,3,GAC12_SALMINRE12,1948-03-01T00:00:00-03:00,222.899629236124
1948-04-01,1948,1,4,GAC12_SALMINRE12,1948-04-01T00:00:00-03:00,222.329553458027
1948-05-01,1948,1,5,GAC12_SALMINRE12,1948-05-01T00:00:00-03:00,220.917040411915
1948-06-01,1948,1,6,GAC12_SALMINRE12,1948-06-01T00:00:00-03:00,219.245536953565
1948-07-01,1948,1,7,GAC12_SALMINRE12,1948-07-01T00:00:00-03:00,218.693975854311
1948-08-01,1948,1,8,GAC12_SALMINRE12,1948-08-01T00:00:00-03:00,217.871818050347
1948-09-01,1948,1,9,GAC12_SALMINRE12,1948-09-01T00:00:00-03:00,217.055818731806
1948-10-01,1948,1,10,GAC12_SALMINRE12,1948-10-01T00:00:00-03:00,216.245908960419
1948-11-01,1948,1,11,GAC12_SALMINRE12,1948-11-01T00:00:00-03:00,215.709318615604
1948-12-01,1948,1,12,GAC12_SALMINRE12,1948-12-01T00:00:00-02:00,214.909407668945
1949-01-01,1949,1,1,GAC12_SALMINRE12,1949-01-01T00:00:00-02:00,212.80503158406
1949-02-01,1949,1,2,GAC12_SALMINRE12,1949-02-01T00:00:00-02:00,210.997221849729
1949-03-01,1949,1,3,GAC12_SALMINRE12,1949-03-01T00:00:00-03:00,208.968402408866
1949-04-01,1949,1,4,GAC12_SALMINRE12,1949-04-01T00:00:00-03:00,206.97822714783
1949-05-01,1949,1,5,GAC12_SALMINRE12,1949-05-01T00:00:00-03:00,205.267663287104
1949-06-01,1949,1,6,GAC12_SALMINRE12,1949-06-01T00:00:00-03:00,203.347030180324
1949-07-01,1949,1,7,GAC12_SALMINRE12,1949-07-01T00:00:00-03:00,202.636026578295
1949-08-01,1949,1,8,GAC12_SALMINRE12,1949-08-01T00:00:00-03:00,202.164780004857
1949-09-01,1949,1,9,GAC12_SALMINRE12,1949-09-01T00:00:00-03:00,201.462005566833
1949-10-01,1949,1,10,GAC12_SALMINRE12,1949-10-01T00:00:00-03:00,200.301510143061
1949-11-01,1949,1,11,GAC12_SALMINRE12,1949-11-01T00:00:00-03:00,199.154307908565
1949-12-01,1949,1,12,GAC12_SALMINRE12,1949-12-01T00:00:00-02:00,198.020171758744
1950-01-01,1950,1,1,GAC12_SALMINRE12,1950-01-01T00:00:00-02:00,197.345869244242
1950-02-01,1950,1,2,GAC12_SALMINRE12,1950-02-01T00:00:00-02:00,196.89887973293
1950-03-01,1950,1,3,GAC12_SALMINRE12,1950-03-01T00:00:00-03:00,196.23217923722
1950-04-01,1950,1,4,GAC12_SALMINRE12,1950-04-01T00:00:00-03:00,196.23217923722
1950-05-01,1950,1,5,GAC12_SALMINRE12,1950-05-01T00:00:00-03:00,200.76410023577
1950-06-01,1950,1,6,GAC12_SALMINRE12,1950-06-01T00:00:00-03:00,200.76410023577
1950-07-01,1950,1,7,GAC12_SALMINRE12,1950-07-01T00:00:00-03:00,195.569978407398
1950-08-01,1950,1,8,GAC12_SALMINRE12,1950-08-01T00:00:00-03:00,195.130988556876
1950-09-01,1950,1,9,GAC12_SALMINRE12,1950-09-01T00:00:00-03:00,194.476186581853
1950-10-01,1950,1,10,GAC12_SALMINRE12,1950-10-01T00:00:00-03:00,192.751342354963
1950-11-01,1950,1,11,GAC12_SALMINRE12,1950-11-01T00:00:00-03:00,191.267008585453
1950-12-01,1950,1,12,GAC12_SALMINRE12,1950-12-01T00:00:00-02:00,189.598376013279
1951-01-01,1951,1,1,GAC12_SALMINRE12,1951-01-01T00:00:00-02:00,185.948353801259
1951-02-01,1951,1,2,GAC12_SALMINRE12,1951-02-01T00:00:00-02:00,182.244979878592
1951-03-01,1951,1,3,GAC12_SALMINRE12,1951-03-01T00:00:00-03:00,178.870072843803
1951-04-01,1951,1,4,GAC12_SALMINRE12,1951-04-01T00:00:00-03:00,176.50935107023
1951-05-01,1951,1,5,GAC12_SALMINRE12,1951-05-01T00:00:00-03:00,174.21013106631
1951-06-01,1951,1,6,GAC12_SALMINRE12,1951-06-01T00:00:00-03:00,171.970040360215
1951-07-01,1951,1,7,GAC12_SALMINRE12,1951-07-01T00:00:00-03:00,171.123731106473
1951-08-01,1951,1,8,GAC12_SALMINRE12,1951-08-01T00:00:00-03:00,170.285710875785
1951-09-01,1951,1,9,GAC12_SALMINRE12,1951-09-01T00:00:00-03:00,169.455858483603
1951-10-01,1951,1,10,GAC12_SALMINRE12,1951-10-01T00:00:00-03:00,167.820184173916
1951-11-01,1951,1,11,GAC12_SALMINRE12,1951-11-01T00:00:00-03:00,166.057030376482
1951-12-01,1951,1,12,GAC12_SALMINRE12,1951-12-01T00:00:00-02:00,164.486008329401
1952-01-01,1952,1,1,GAC12_SALMINRE12,1952-01-01T00:00:00-02:00,503.241962866063
1952-02-01,1952,1,2,GAC12_SALMINRE12,1952-02-01T00:00:00-02:00,488.467065379782
1952-03-01,1952,1,3,GAC12_SALMINRE12,1952-03-01T00:00:00-03:00,474.12519990231
1952-04-01,1952,1,4,GAC12_SALMINRE12,1952-04-01T00:00:00-03:00,470.872196815501
1952-05-01,1952,1,5,GAC12_SALMINRE12,1952-05-01T00:00:00-03:00,467.663527671955
1952-06-01,1952,1,6,GAC12_SALMINRE12,1952-06-01T00:00:00-03:00,464.49829229008
1952-07-01,1952,1,7,GAC12_SALMINRE12,1952-07-01T00:00:00-03:00,462.541686172599
1952-08-01,1952,1,8,GAC12_SALMINRE12,1952-08-01T00:00:00-03:00,460.601494535969
1952-09-01,1952,1,9,GAC12_SALMINRE12,1952-09-01T00:00:00-03:00,458.677511684941
1952-10-01,1952,1,10,GAC12_SALMINRE12,1952-10-01T00:00:00-03:00,454.877366600559
1952-11-01,1952,1,11,GAC12_SALMINRE12,1952-11-01T00:00:00-03:00,451.139672544679
1952-12-01,1952,1,12,GAC12_SALMINRE12,1952-12-01T00:00:00-02:00,447.098519126119
1953-01-01,1953,1,1,GAC12_SALMINRE12,1953-01-01T00:00:00-02:00,439.581250189651
1953-02-01,1953,1,2,GAC12_SALMINRE12,1953-02-01T00:00:00-02:00,432.312583847933
1953-03-01,1953,1,3,GAC12_SALMINRE12,1953-03-01T00:00:00-03:00,425.280388448392
1953-04-01,1953,1,4,GAC12_SALMINRE12,1953-04-01T00:00:00-03:00,421.040629974597
1953-05-01,1953,1,5,GAC12_SALMINRE12,1953-05-01T00:00:00-03:00,416.884572123671
1953-06-01,1953,1,6,GAC12_SALMINRE12,1953-06-01T00:00:00-03:00,413.120377341516
1953-07-01,1953,1,7,GAC12_SALMINRE12,1953-07-01T00:00:00-03:00,408.205934190985
1953-08-01,1953,1,8,GAC12_SALMINRE12,1953-08-01T00:00:00-03:00,403.703662857996
1953-09-01,1953,1,9,GAC12_SALMINRE12,1953-09-01T00:00:00-03:00,399.009434220112
1953-10-01,1953,1,10,GAC12_SALMINRE12,1953-10-01T00:00:00-03:00,398.141393391497
1953-11-01,1953,1,11,GAC12_SALMINRE12,1953-11-01T00:00:00-03:00,397.27712119166
1953-12-01,1953,1,12,GAC12_SALMINRE12,1953-12-01T00:00:00-02:00,396.703021305545
1954-01-01,1954,1,1,GAC12_SALMINRE12,1954-01-01T00:00:00-02:00,385.289109815351
1954-02-01,1954,1,2,GAC12_SALMINRE12,1954-02-01T00:00:00-02:00,374.00339338343
1954-03-01,1954,1,3,GAC12_SALMINRE12,1954-03-01T00:00:00-03:00,364.082878970076
1954-04-01,1954,1,4,GAC12_SALMINRE12,1954-04-01T00:00:00-03:00,359.082394693836
1954-05-01,1954,1,5,GAC12_SALMINRE12,1954-05-01T00:00:00-03:00,354.217407410887
1954-06-01,1954,1,6,GAC12_SALMINRE12,1954-06-01T00:00:00-03:00,349.705083749602
1954-07-01,1954,1,7,GAC12_SALMINRE12,1954-07-01T00:00:00-03:00,690.178480813168
1954-08-01,1954,1,8,GAC12_SALMINRE12,1954-08-01T00:00:00-03:00,681.187321944014
1954-09-01,1954,1,9,GAC12_SALMINRE12,1954-09-01T00:00:00-03:00,672.427411496479
1954-10-01,1954,1,10,GAC12_SALMINRE12,1954-10-01T00:00:00-03:00,663.889941338422
1954-11-01,1954,1,11,GAC12_SALMINRE12,1954-11-01T00:00:00-03:00,655.566545058955
1954-12-01,1954,1,12,GAC12_SALMINRE12,1954-12-01T00:00:00-02:00,647.831246592183
1955-01-01,1955,1,1,GAC12_SALMINRE12,1955-01-01T00:00:00-02:00,628.548347437751
1955-02-01,1955,1,2,GAC12_SALMINRE12,1955-02-01T00:00:00-02:00,610.041090540973
1955-03-01,1955,1,3,GAC12_SALMINRE12,1955-03-01T00:00:00-03:00,593.553493499325
1955-04-01,1955,1,4,GAC12_SALMINRE12,1955-04-01T00:00:00-03:00,587.834027287875
1955-05-01,1955,1,5,GAC12_SALMINRE12,1955-05-01T00:00:00-03:00,581.91518970522
1955-06-01,1955,1,6,GAC12_SALMINRE12,1955-06-01T00:00:00-03:00,576.416778463911
1955-07-01,1955,1,7,GAC12_SALMINRE12,1955-07-01T00:00:00-03:00,571.021301598414
1955-08-01,1955,1,8,GAC12_SALMINRE12,1955-08-01T00:00:00-03:00,565.725895401211
1955-09-01,1955,1,9,GAC12_SALMINRE12,1955-09-01T00:00:00-03:00,560.527801415901
1955-10-01,1955,1,10,GAC12_SALMINRE12,1955-10-01T00:00:00-03:00,552.351088014965
1955-11-01,1955,1,11,GAC12_SALMINRE12,1955-11-01T00:00:00-03:00,544.409500730665
1955-12-01,1955,1,12,GAC12_SALMINRE12,1955-12-01T00:00:00-02:00,536.955483116748
1956-01-01,1956,1,1,GAC12_SALMINRE12,1956-01-01T00:00:00-02:00,520.414200461493
1956-02-01,1956,1,2,GAC12_SALMINRE12,1956-02-01T00:00:00-02:00,504.397778122991
1956-03-01,1956,1,3,GAC12_SALMINRE12,1956-03-01T00:00:00-03:00,490.430532815431
1956-04-01,1956,1,4,GAC12_SALMINRE12,1956-04-01T00:00:00-03:00,484.373164081937
1956-05-01,1956,1,5,GAC12_SALMINRE12,1956-05-01T00:00:00-03:00,478.255210354421
1956-06-01,1956,1,6,GAC12_SALMINRE12,1956-06-01T00:00:00-03:00,472.493099386295
1956-07-01,1956,1,7,GAC12_SALMINRE12,1956-07-01T00:00:00-03:00,464.1056479179
1956-08-01,1956,1,8,GAC12_SALMINRE12,1956-08-01T00:00:00-03:00,722.017071445917
1956-09-01,1956,1,9,GAC12_SALMINRE12,1956-09-01T00:00:00-03:00,709.929403038697
1956-10-01,1956,1,10,GAC12_SALMINRE12,1956-10-01T00:00:00-03:00,698.801088441225
1956-11-01,1956,1,11,GAC12_SALMINRE12,1956-11-01T00:00:00-03:00,688.016267527411
1956-12-01,1956,1,12,GAC12_SALMINRE12,1956-12-01T00:00:00-02:00,677.823433934413
1957-01-01,1957,1,1,GAC12_SALMINRE12,1957-01-01T00:00:00-02:00,655.34003318574
1957-02-01,1957,1,2,GAC12_SALMINRE12,1957-02-01T00:00:00-02:00,633.606817799478
1957-03-01,1957,1,3,GAC12_SALMINRE12,1957-03-01T00:00:00-03:00,614.352334997091
1957-04-01,1957,1,4,GAC12_SALMINRE12,1957-04-01T00:00:00-03:00,611.113218995349
1957-05-01,1957,1,5,GAC12_SALMINRE12,1957-05-01T00:00:00-03:00,607.908079734884
1957-06-01,1957,1,6,GAC12_SALMINRE12,1957-06-01T00:00:00-03:00,604.526115452632
1957-07-01,1957,1,7,GAC12_SALMINRE12,1957-07-01T00:00:00-03:00,603.476955238379
1957-08-01,1957,1,8,GAC12_SALMINRE12,1957-08-01T00:00:00-03:00,602.431430367903
1957-09-01,1957,1,9,GAC12_SALMINRE12,1957-09-01T00:00:00-03:00,601.181572628551
1957-10-01,1957,1,10,GAC12_SALMINRE12,1957-10-01T00:00:00-03:00,598.49125922264
1957-11-01,1957,1,11,GAC12_SALMINRE12,1957-11-01T00:00:00-03:00,595.824917080798
1957-12-01,1957,1,12,GAC12_SALMINRE12,1957-12-01T00:00:00-02:00,593.182227240453
1958-01-01,1958,1,1,GAC12_SALMINRE12,1958-01-01T00:00:00-02:00,580.894456412218
1958-02-01,1958,1,2,GAC12_SALMINRE12,1958-02-01T00:00:00-02:00,568.919210746652
1958-03-01,1958,1,3,GAC12_SALMINRE12,1958-03-01T00:00:00-03:00,557.785405210705
1958-04-01,1958,1,4,GAC12_SALMINRE12,1958-04-01T00:00:00-03:00,550.892619785098
1958-05-01,1958,1,5,GAC12_SALMINRE12,1958-05-01T00:00:00-03:00,544.168108933261
1958-06-01,1958,1,6,GAC12_SALMINRE12,1958-06-01T00:00:00-03:00,537.605784799557
1958-07-01,1958,1,7,GAC12_SALMINRE12,1958-07-01T00:00:00-03:00,532.501411345105
1958-08-01,1958,1,8,GAC12_SALMINRE12,1958-08-01T00:00:00-03:00,527.493054624323
1958-09-01,1958,1,9,GAC12_SALMINRE12,1958-09-01T00:00:00-03:00,522.578030670805
1958-10-01,1958,1,10,GAC12_SALMINRE12,1958-10-01T00:00:00-03:00,515.298490824472
1958-11-01,1958,1,11,GAC12_SALMINRE12,1958-11-01T00:00:00-03:00,508.2189734118
1958-12-01,1958,1,12,GAC12_SALMINRE12,1958-12-01T00:00:00-02:00,501.475946940227
1959-01-01,1959,1,1,GAC12_SALMINRE12,1959-01-01T00:00:00-02:00,753.964544749896
1959-02-01,1959,1,2,GAC12_SALMINRE12,1959-02-01T00:00:00-02:00,719.576646771788
1959-03-01,1959,1,3,GAC12_SALMINRE12,1959-03-01T00:00:00-03:00,688.361310790966
1959-04-01,1959,1,4,GAC12_SALMINRE12,1959-04-01T00:00:00-03:00,676.487162995163
1959-05-01,1959,1,5,GAC12_SALMINRE12,1959-05-01T00:00:00-03:00,665.015723700187
1959-06-01,1959,1,6,GAC12_SALMINRE12,1959-06-01T00:00:00-03:00,653.926847888131
1959-07-01,1959,1,7,GAC12_SALMINRE12,1959-07-01T00:00:00-03:00,645.925860572794
1959-08-01,1959,1,8,GAC12_SALMINRE12,1959-08-01T00:00:00-03:00,638.11829554495
1959-09-01,1959,1,9,GAC12_SALMINRE12,1959-09-01T00:00:00-03:00,630.497222653737
1959-10-01,1959,1,10,GAC12_SALMINRE12,1959-10-01T00:00:00-03:00,616.61835297268
1959-11-01,1959,1,11,GAC12_SALMINRE12,1959-11-01T00:00:00-03:00,603.204769816386
1959-12-01,1959,1,12,GAC12_SALMINRE12,1959-12-01T00:00:00-02:00,590.489332638067
1960-01-01,1960,1,1,GAC12_SALMINRE12,1960-01-01T00:00:00-02:00,569.422299820446
1960-02-01,1960,1,2,GAC12_SALMINRE12,1960-02-01T00:00:00-02:00,549.80671088211
1960-03-01,1960,1,3,GAC12_SALMINRE12,1960-03-01T00:00:00-03:00,530.983541089821
1960-04-01,1960,1,4,GAC12_SALMINRE12,1960-04-01T00:00:00-03:00,522.892363320833
1960-05-01,1960,1,5,GAC12_SALMINRE12,1960-05-01T00:00:00-03:00,515.044072689376
1960-06-01,1960,1,6,GAC12_SALMINRE12,1960-06-01T00:00:00-03:00,507.334117064198
1960-07-01,1960,1,7,GAC12_SALMINRE12,1960-07-01T00:00:00-03:00,501.129044803646
1960-08-01,1960,1,8,GAC12_SALMINRE12,1960-08-01T00:00:00-03:00,495.073923793395
1960-09-01,1960,1,9,GAC12_SALMINRE12,1960-09-01T00:00:00-03:00,489.076235067588
1960-10-01,1960,1,10,GAC12_SALMINRE12,1960-10-01T00:00:00-03:00,764.542358902524
1960-11-01,1960,1,11,GAC12_SALMINRE12,1960-11-01T00:00:00-03:00,747.370401887868
1960-12-01,1960,1,12,GAC12_SALMINRE12,1960-12-01T00:00:00-02:00,730.952879330171
1961-01-01,1961,1,1,GAC12_SALMINRE12,1961-01-01T00:00:00-02:00,702.992293837228
1961-02-01,1961,1,2,GAC12_SALMINRE12,1961-02-01T00:00:00-02:00,677.196400230496
1961-03-01,1961,1,3,GAC12_SALMINRE12,1961-03-01T00:00:00-03:00,653.129494705576
1961-04-01,1961,1,4,GAC12_SALMINRE12,1961-04-01T00:00:00-03:00,638.600734500581
1961-05-01,1961,1,5,GAC12_SALMINRE12,1961-05-01T00:00:00-03:00,624.79315105192
1961-06-01,1961,1,6,GAC12_SALMINRE12,1961-06-01T00:00:00-03:00,611.484874271892
1961-07-01,1961,1,7,GAC12_SALMINRE12,1961-07-01T00:00:00-03:00,601.766797081107
1961-08-01,1961,1,8,GAC12_SALMINRE12,1961-08-01T00:00:00-03:00,592.272903437837
1961-09-01,1961,1,9,GAC12_SALMINRE12,1961-09-01T00:00:00-03:00,583.073921664012
1961-10-01,1961,1,10,GAC12_SALMINRE12,1961-10-01T00:00:00-03:00,783.738744921362
1961-11-01,1961,1,11,GAC12_SALMINRE12,1961-11-01T00:00:00-03:00,753.58017066826
1961-12-01,1961,1,12,GAC12_SALMINRE12,1961-12-01T00:00:00-02:00,725.656619383173
1962-01-01,1962,1,1,GAC12_SALMINRE12,1962-01-01T00:00:00-02:00,679.321055308551
1962-02-01,1962,1,2,GAC12_SALMINRE12,1962-02-01T00:00:00-02:00,638.547683556906
1962-03-01,1962,1,3,GAC12_SALMINRE12,1962-03-01T00:00:00-03:00,602.391672477763
1962-04-01,1962,1,4,GAC12_SALMINRE12,1962-04-01T00:00:00-03:00,582.863904516872
1962-05-01,1962,1,5,GAC12_SALMINRE12,1962-05-01T00:00:00-03:00,564.562448829692
1962-06-01,1962,1,6,GAC12_SALMINRE12,1962-06-01T00:00:00-03:00,547.37530644944
1962-07-01,1962,1,7,GAC12_SALMINRE12,1962-07-01T00:00:00-03:00,533.461802086667
1962-08-01,1962,1,8,GAC12_SALMINRE12,1962-08-01T00:00:00-03:00,520.23808736489
1962-09-01,1962,1,9,GAC12_SALMINRE12,1962-09-01T00:00:00-03:00,507.696019868973
1962-10-01,1962,1,10,GAC12_SALMINRE12,1962-10-01T00:00:00-03:00,492.607081042458
1962-11-01,1962,1,11,GAC12_SALMINRE12,1962-11-01T00:00:00-03:00,488.692219077565
1962-12-01,1962,1,12,GAC12_SALMINRE12,1962-12-01T00:00:00-02:00,465.00409805301
1963-01-01,1963,1,1,GAC12_SALMINRE12,1963-01-01T00:00:00-02:00,674.634684455857
1963-02-01,1963,1,2,GAC12_SALMINRE12,1963-02-01T00:00:00-02:00,629.629565925316
1963-03-01,1963,1,3,GAC12_SALMINRE12,1963-03-01T00:00:00-03:00,590.217284601039
1963-04-01,1963,1,4,GAC12_SALMINRE12,1963-04-01T00:00:00-03:00,570.860149487275
1963-05-01,1963,1,5,GAC12_SALMINRE12,1963-05-01T00:00:00-03:00,552.73239233851
1963-06-01,1963,1,6,GAC12_SALMINRE12,1963-06-01T00:00:00-03:00,535.720500475067
1963-07-01,1963,1,7,GAC12_SALMINRE12,1963-07-01T00:00:00-03:00,517.401571137335
1963-08-01,1963,1,8,GAC12_SALMINRE12,1963-08-01T00:00:00-03:00,500.294047176273
1963-09-01,1963,1,9,GAC12_SALMINRE12,1963-09-01T00:00:00-03:00,484.281611694572
1963-10-01,1963,1,10,GAC12_SALMINRE12,1963-10-01T00:00:00-03:00,465.736654193908
1963-11-01,1963,1,11,GAC12_SALMINRE12,1963-11-01T00:00:00-03:00,448.580567534447
1963-12-01,1963,1,12,GAC12_SALMINRE12,1963-12-01T00:00:00-02:00,432.585078385499
1964-01-01,1964,1,1,GAC12_SALMINRE12,1964-01-01T00:00:00-02:00,400.472956653064
1964-02-01,1964,1,2,GAC12_SALMINRE12,1964-02-01T00:00:00-02:00,749.728623621422
1964-03-01,1964,1,3,GAC12_SALMINRE12,1964-03-01T00:00:00-03:00,703.404017425259
1964-04-01,1964,1,4,GAC12_SALMINRE12,1964-04-01T00:00:00-03:00,680.921808300225
1964-05-01,1964,1,5,GAC12_SALMINRE12,1964-05-01T00:00:00-03:00,659.243691105721
1964-06-01,1964,1,6,GAC12_SALMINRE12,1964-06-01T00:00:00-03:00,639.541197192421
1964-07-01,1964,1,7,GAC12_SALMINRE12,1964-07-01T00:00:00-03:00,615.532027036121
1964-08-01,1964,1,8,GAC12_SALMINRE12,1964-08-01T00:00:00-03:00,593.260299220174
1964-09-01,1964,1,9,GAC12_SALMINRE12,1964-09-01T00:00:00-03:00,572.049724697567
1964-10-01,1964,1,10,GAC12_SALMINRE12,1964-10-01T00:00:00-03:00,545.855424157501
1964-11-01,1964,1,11,GAC12_SALMINRE12,1964-11-01T00:00:00-03:00,521.940797784737
1964-12-01,1964,1,12,GAC12_SALMINRE12,1964-12-01T00:00:00-02:00,499.760587554047
1965-01-01,1965,1,1,GAC12_SALMINRE12,1965-01-01T00:00:00-02:00,464.891601597694
1965-02-01,1965,1,2,GAC12_SALMINRE12,1965-02-01T00:00:00-02:00,434.570984238464
1965-03-01,1965,1,3,GAC12_SALMINRE12,1965-03-01T00:00:00-03:00,641.27575403551
1965-04-01,1965,1,4,GAC12_SALMINRE12,1965-04-01T00:00:00-03:00,614.835565862649
1965-05-01,1965,1,5,GAC12_SALMINRE12,1965-05-01T00:00:00-03:00,590.489332638067
1965-06-01,1965,1,6,GAC12_SALMINRE12,1965-06-01T00:00:00-03:00,568.040518844585
1965-07-01,1965,1,7,GAC12_SALMINRE12,1965-07-01T00:00:00-03:00,548.299269742131
1965-08-01,1965,1,8,GAC12_SALMINRE12,1965-08-01T00:00:00-03:00,529.884080539379
1965-09-01,1965,1,9,GAC12_SALMINRE12,1965-09-01T00:00:00-03:00,512.23086548002
1965-10-01,1965,1,10,GAC12_SALMINRE12,1965-10-01T00:00:00-03:00,496.351523419214
1965-11-01,1965,1,11,GAC12_SALMINRE12,1965-11-01T00:00:00-03:00,481.419433746961
1965-12-01,1965,1,12,GAC12_SALMINRE12,1965-12-01T00:00:00-02:00,467.757702213209
1966-01-01,1966,1,1,GAC12_SALMINRE12,1966-01-01T00:00:00-02:00,446.331943682425
1966-02-01,1966,1,2,GAC12_SALMINRE12,1966-02-01T00:00:00-02:00,426.789071738391
1966-03-01,1966,1,3,GAC12_SALMINRE12,1966-03-01T00:00:00-03:00,520.59748461315
1966-04-01,1966,1,4,GAC12_SALMINRE12,1966-04-01T00:00:00-03:00,501.057177738566
1966-05-01,1966,1,5,GAC12_SALMINRE12,1966-05-01T00:00:00-03:00,482.930671559916
1966-06-01,1966,1,6,GAC12_SALMINRE12,1966-06-01T00:00:00-03:00,465.539200582414
1966-07-01,1966,1,7,GAC12_SALMINRE12,1966-07-01T00:00:00-03:00,451.102605773457
1966-08-01,1966,1,8,GAC12_SALMINRE12,1966-08-01T00:00:00-03:00,437.534451713717
1966-09-01,1966,1,9,GAC12_SALMINRE12,1966-09-01T00:00:00-03:00,425.219219367372
1966-10-01,1966,1,10,GAC12_SALMINRE12,1966-10-01T00:00:00-03:00,414.846115778647
1966-11-01,1966,1,11,GAC12_SALMINRE12,1966-11-01T00:00:00-03:00,404.971325199482
1966-12-01,1966,1,12,GAC12_SALMINRE12,1966-12-01T00:00:00-02:00,395.392935299855
1967-01-01,1967,1,1,GAC12_SALMINRE12,1967-01-01T00:00:00-02:00,384.325887040812
1967-02-01,1967,1,2,GAC12_SALMINRE12,1967-02-01T00:00:00-02:00,377.159849892848
1967-03-01,1967,1,3,GAC12_SALMINRE12,1967-03-01T00:00:00-03:00,458.40396832158
1967-04-01,1967,1,4,GAC12_SALMINRE12,1967-04-01T00:00:00-03:00,447.723540355094
1967-05-01,1967,1,5,GAC12_SALMINRE12,1967-05-01T00:00:00-03:00,436.733962546378
1967-06-01,1967,1,6,GAC12_SALMINRE12,1967-06-01T00:00:00-03:00,427.789277650059
1967-07-01,1967,1,7,GAC12_SALMINRE12,1967-07-01T00:00:00-03:00,422.150578911262
1967-08-01,1967,1,8,GAC12_SALMINRE12,1967-08-01T00:00:00-03:00,416.658593929762
1967-09-01,1967,1,9,GAC12_SALMINRE12,1967-09-01T00:00:00-03:00,411.660118938317
1967-10-01,1967,1,10,GAC12_SALMINRE12,1967-10-01T00:00:00-03:00,406.436005753821
1967-11-01,1967,1,11,GAC12_SALMINRE12,1967-11-01T00:00:00-03:00,401.678393646334
1967-12-01,1967,1,12,GAC12_SALMINRE12,1967-12-01T00:00:00-02:00,397.359271134008
1968-01-01,1968,1,1,GAC12_SALMINRE12,1968-01-01T00:00:00-02:00,386.490232341927
1968-02-01,1968,1,2,GAC12_SALMINRE12,1968-02-01T00:00:00-02:00,379.468687836506
1968-03-01,1968,1,3,GAC12_SALMINRE12,1968-03-01T00:00:00-03:00,458.23797527498
1968-04-01,1968,1,4,GAC12_SALMINRE12,1968-04-01T00:00:00-03:00,447.854939581439
1968-05-01,1968,1,5,GAC12_SALMINRE12,1968-05-01T00:00:00-03:00,440.534873704179
1968-06-01,1968,1,6,GAC12_SALMINRE12,1968-06-01T00:00:00-03:00,432.501779727079
1968-07-01,1968,1,7,GAC12_SALMINRE12,1968-07-01T00:00:00-03:00,423.24049964727
1968-08-01,1968,1,8,GAC12_SALMINRE12,1968-08-01T00:00:00-03:00,416.990112521677
1968-09-01,1968,1,9,GAC12_SALMINRE12,1968-09-01T00:00:00-03:00,410.921649345686
1968-10-01,1968,1,10,GAC12_SALMINRE12,1968-10-01T00:00:00-03:00,404.750812290665
1968-11-01,1968,1,11,GAC12_SALMINRE12,1968-11-01T00:00:00-03:00,398.76256893465
1968-12-01,1968,1,12,GAC12_SALMINRE12,1968-12-01T00:00:00-02:00,392.948933072117
1969-01-01,1969,1,1,GAC12_SALMINRE12,1969-01-01T00:00:00-02:00,383.296664515724
1969-02-01,1969,1,2,GAC12_SALMINRE12,1969-02-01T00:00:00-02:00,378.888140578802
1969-03-01,1969,1,3,GAC12_SALMINRE12,1969-03-01T00:00:00-03:00,374.10721766929
1969-04-01,1969,1,4,GAC12_SALMINRE12,1969-04-01T00:00:00-03:00,369.445445486495
1969-05-01,1969,1,5,GAC12_SALMINRE12,1969-05-01T00:00:00-03:00,436.543165708219
1969-06-01,1969,1,6,GAC12_SALMINRE12,1969-06-01T00:00:00-03:00,424.34487273064
1969-07-01,1969,1,7,GAC12_SALMINRE12,1969-07-01T00:00:00-03:00,417.885290358863
1969-08-01,1969,1,8,GAC12_SALMINRE12,1969-08-01T00:00:00-03:00,412.809760516447
1969-09-01,1969,1,9,GAC12_SALMINRE12,1969-09-01T00:00:00-03:00,405.769230206332
1969-10-01,1969,1,10,GAC12_SALMINRE12,1969-10-01T00:00:00-03:00,399.634980925497
1969-11-01,1969,1,11,GAC12_SALMINRE12,1969-11-01T00:00:00-03:00,393.249628613189
1969-12-01,1969,1,12,GAC12_SALMINRE12,1969-12-01T00:00:00-02:00,387.906563007031
1970-01-01,1970,1,1,GAC12_SALMINRE12,1970-01-01T00:00:00-02:00,379.048367463057
1970-02-01,1970,1,2,GAC12_SALMINRE12,1970-02-01T00:00:00-02:00,374.474331549285
1970-03-01,1970,1,3,GAC12_SALMINRE12,1970-03-01T00:00:00-03:00,366.400449657565
1970-04-01,1970,1,4,GAC12_SALMINRE12,1970-04-01T00:00:00-03:00,362.676867852102
1970-05-01,1970,1,5,GAC12_SALMINRE12,1970-05-01T00:00:00-03:00,428.677523082845
1970-06-01,1970,1,6,GAC12_SALMINRE12,1970-06-01T00:00:00-03:00,421.712304834823
1970-07-01,1970,1,7,GAC12_SALMINRE12,1970-07-01T00:00:00-03:00,413.767000540833
1970-08-01,1970,1,8,GAC12_SALMINRE12,1970-08-01T00:00:00-03:00,403.627564146807
1970-09-01,1970,1,9,GAC12_SALMINRE12,1970-09-01T00:00:00-03:00,396.343216621715
1970-10-01,1970,1,10,GAC12_SALMINRE12,1970-10-01T00:00:00-03:00,391.452326837077
1970-11-01,1970,1,11,GAC12_SALMINRE12,1970-11-01T00:00:00-03:00,386.680673191659
1970-12-01,1970,1,12,GAC12_SALMINRE12,1970-12-01T00:00:00-02:00,383.220443453926
1971-01-01,1971,1,1,GAC12_SALMINRE12,1971-01-01T00:00:00-02:00,375.821716156001
1971-02-01,1971,1,2,GAC12_SALMINRE12,1971-02-01T00:00:00-02:00,371.099519549188
1971-03-01,1971,1,3,GAC12_SALMINRE12,1971-03-01T00:00:00-03:00,365.400038873518
1971-04-01,1971,1,4,GAC12_SALMINRE12,1971-04-01T00:00:00-03:00,360.782515214627
1971-05-01,1971,1,5,GAC12_SALMINRE12,1971-05-01T00:00:00-03:00,428.116766982715
1971-06-01,1971,1,6,GAC12_SALMINRE12,1971-06-01T00:00:00-03:00,418.398672555867
1971-07-01,1971,1,7,GAC12_SALMINRE12,1971-07-01T00:00:00-03:00,410.903473405782
1971-08-01,1971,1,8,GAC12_SALMINRE12,1971-08-01T00:00:00-03:00,405.89442595176
1971-09-01,1971,1,9,GAC12_SALMINRE12,1971-09-01T00:00:00-03:00,400.850301046728
1971-10-01,1971,1,10,GAC12_SALMINRE12,1971-10-01T00:00:00-03:00,395.474913867941
1971-11-01,1971,1,11,GAC12_SALMINRE12,1971-11-01T00:00:00-03:00,389.652519892535
1971-12-01,1971,1,12,GAC12_SALMINRE12,1971-12-01T00:00:00-02:00,385.289109815351
1972-01-01,1972,1,1,GAC12_SALMINRE12,1972-01-01T00:00:00-02:00,376.299498795233
1972-02-01,1972,1,2,GAC12_SALMINRE12,1972-02-01T00:00:00-02:00,369.298577887415
1972-03-01,1972,1,3,GAC12_SALMINRE12,1972-03-01T00:00:00-03:00,362.935838676274
1972-04-01,1972,1,4,GAC12_SALMINRE12,1972-04-01T00:00:00-03:00,359.397466990016
1972-05-01,1972,1,5,GAC12_SALMINRE12,1972-05-01T00:00:00-03:00,424.962971157775
1972-06-01,1972,1,6,GAC12_SALMINRE12,1972-06-01T00:00:00-03:00,420.890772939972
1972-07-01,1972,1,7,GAC12_SALMINRE12,1972-07-01T00:00:00-03:00,415.768370023867
1972-08-01,1972,1,8,GAC12_SALMINRE12,1972-08-01T00:00:00-03:00,411.456285891803
1972-09-01,1972,1,9,GAC12_SALMINRE12,1972-09-01T00:00:00-03:00,402.699030298166
1972-10-01,1972,1,10,GAC12_SALMINRE12,1972-10-01T00:00:00-03:00,397.749947778331
1972-11-01,1972,1,11,GAC12_SALMINRE12,1972-11-01T00:00:00-03:00,393.801741444316
1972-12-01,1972,1,12,GAC12_SALMINRE12,1972-12-01T00:00:00-02:00,390.798486981443
1973-01-01,1973,1,1,GAC12_SALMINRE12,1973-01-01T00:00:00-02:00,385.530670385768
1973-02-01,1973,1,2,GAC12_SALMINRE12,1973-02-01T00:00:00-02:00,383.48700920817
1973-03-01,1973,1,3,GAC12_SALMINRE12,1973-03-01T00:00:00-03:00,380.402981296195
1973-04-01,1973,1,4,GAC12_SALMINRE12,1973-04-01T00:00:00-03:00,376.21377746424
1973-05-01,1973,1,5,GAC12_SALMINRE12,1973-05-01T00:00:00-03:00,432.050893421873
1973-06-01,1973,1,6,GAC12_SALMINRE12,1973-06-01T00:00:00-03:00,425.483204729022
1973-07-01,1973,1,7,GAC12_SALMINRE12,1973-07-01T00:00:00-03:00,418.743371037216
1973-08-01,1973,1,8,GAC12_SALMINRE12,1973-08-01T00:00:00-03:00,411.61942095325
1973-09-01,1973,1,9,GAC12_SALMINRE12,1973-09-01T00:00:00-03:00,405.193344270755
1973-10-01,1973,1,10,GAC12_SALMINRE12,1973-10-01T00:00:00-03:00,403.47545276028
1973-11-01,1973,1,11,GAC12_SALMINRE12,1973-11-01T00:00:00-03:00,401.32025635813
1973-12-01,1973,1,12,GAC12_SALMINRE12,1973-12-01T00:00:00-02:00,398.519305378523
1974-01-01,1974,1,1,GAC12_SALMINRE12,1974-01-01T00:00:00-02:00,393.357991696299
1974-02-01,1974,1,2,GAC12_SALMINRE12,1974-02-01T00:00:00-02:00,392.92489729311
1974-03-01,1974,1,3,GAC12_SALMINRE12,1974-03-01T00:00:00-03:00,379.552287122007
1974-04-01,1974,1,4,GAC12_SALMINRE12,1974-04-01T00:00:00-03:00,357.678815300894
1974-05-01,1974,1,5,GAC12_SALMINRE12,1974-05-01T00:00:00-03:00,419.765308465739
1974-06-01,1974,1,6,GAC12_SALMINRE12,1974-06-01T00:00:00-03:00,413.621910237234
1974-07-01,1974,1,7,GAC12_SALMINRE12,1974-07-01T00:00:00-03:00,405.164775997365
1974-08-01,1974,1,8,GAC12_SALMINRE12,1974-08-01T00:00:00-03:00,397.046550407368
1974-09-01,1974,1,9,GAC12_SALMINRE12,1974-09-01T00:00:00-03:00,390.924290673195
1974-10-01,1974,1,10,GAC12_SALMINRE12,1974-10-01T00:00:00-03:00,382.765568798577
1974-11-01,1974,1,11,GAC12_SALMINRE12,1974-11-01T00:00:00-03:00,374.370493348271
1974-12-01,1974,1,12,GAC12_SALMINRE12,1974-12-01T00:00:00-02:00,403.497866598255
1975-01-01,1975,1,1,GAC12_SALMINRE12,1975-01-01T00:00:00-02:00,391.441985564514
1975-02-01,1975,1,2,GAC12_SALMINRE12,1975-02-01T00:00:00-02:00,382.843199505156
1975-03-01,1975,1,3,GAC12_SALMINRE12,1975-03-01T00:00:00-03:00,376.9182452271
1975-04-01,1975,1,4,GAC12_SALMINRE12,1975-04-01T00:00:00-03:00,368.795953396347
1975-05-01,1975,1,5,GAC12_SALMINRE12,1975-05-01T00:00:00-03:00,467.534368584912
1975-06-01,1975,1,6,GAC12_SALMINRE12,1975-06-01T00:00:00-03:00,456.246340595495
1975-07-01,1975,1,7,GAC12_SALMINRE12,1975-07-01T00:00:00-03:00,445.979545883961
1975-08-01,1975,1,8,GAC12_SALMINRE12,1975-08-01T00:00:00-03:00,429.176795387629
1975-09-01,1975,1,9,GAC12_SALMINRE12,1975-09-01T00:00:00-03:00,420.877796581791
1975-10-01,1975,1,10,GAC12_SALMINRE12,1975-10-01T00:00:00-03:00,411.777736115157
1975-11-01,1975,1,11,GAC12_SALMINRE12,1975-11-01T00:00:00-03:00,403.062863393143
1975-12-01,1975,1,12,GAC12_SALMINRE12,1975-12-01T00:00:00-02:00,396.249056859839
1976-01-01,1976,1,1,GAC12_SALMINRE12,1976-01-01T00:00:00-02:00,383.350243403323
1976-02-01,1976,1,2,GAC12_SALMINRE12,1976-02-01T00:00:00-02:00,365.859852589184
1976-03-01,1976,1,3,GAC12_SALMINRE12,1976-03-01T00:00:00-03:00,356.132096099595
1976-04-01,1976,1,4,GAC12_SALMINRE12,1976-04-01T00:00:00-03:00,345.48245433698
1976-05-01,1976,1,5,GAC12_SALMINRE12,1976-05-01T00:00:00-03:00,477.48833829542
1976-06-01,1976,1,6,GAC12_SALMINRE12,1976-06-01T00:00:00-03:00,467.763136517039
1976-07-01,1976,1,7,GAC12_SALMINRE12,1976-07-01T00:00:00-03:00,455.632349781639
1976-08-01,1976,1,8,GAC12_SALMINRE12,1976-08-01T00:00:00-03:00,444.170987424598
1976-09-01,1976,1,9,GAC12_SALMINRE12,1976-09-01T00:00:00-03:00,431.728305874923
1976-10-01,1976,1,10,GAC12_SALMINRE12,1976-10-01T00:00:00-03:00,419.612691845713
1976-11-01,1976,1,11,GAC12_SALMINRE12,1976-11-01T00:00:00-03:00,406.270861546537
1976-12-01,1976,1,12,GAC12_SALMINRE12,1976-12-01T00:00:00-02:00,397.627778829467
1977-01-01,1977,1,1,GAC12_SALMINRE12,1977-01-01T00:00:00-02:00,381.772781564102
1977-02-01,1977,1,2,GAC12_SALMINRE12,1977-02-01T00:00:00-02:00,368.481195628775
1977-03-01,1977,1,3,GAC12_SALMINRE12,1977-03-01T00:00:00-03:00,356.988385808798
1977-04-01,1977,1,4,GAC12_SALMINRE12,1977-04-01T00:00:00-03:00,344.021605787742
1977-05-01,1977,1,5,GAC12_SALMINRE12,1977-05-01T00:00:00-03:00,475.986927062435
1977-06-01,1977,1,6,GAC12_SALMINRE12,1977-06-01T00:00:00-03:00,466.082402109289
1977-07-01,1977,1,7,GAC12_SALMINRE12,1977-07-01T00:00:00-03:00,454.695137816311
1977-08-01,1977,1,8,GAC12_SALMINRE12,1977-08-01T00:00:00-03:00,447.341902554701
1977-09-01,1977,1,9,GAC12_SALMINRE12,1977-09-01T00:00:00-03:00,440.337593015744
1977-10-01,1977,1,10,GAC12_SALMINRE12,1977-10-01T00:00:00-03:00,428.702656614921
1977-11-01,1977,1,11,GAC12_SALMINRE12,1977-11-01T00:00:00-03:00,414.35057455259
1977-12-01,1977,1,12,GAC12_SALMINRE12,1977-12-01T00:00:00-02:00,404.710662720578
1978-01-01,1978,1,1,GAC12_SALMINRE12,1978-01-01T00:00:00-02:00,390.204345125182
1978-02-01,1978,1,2,GAC12_SALMINRE12,1978-02-01T00:00:00-02:00,378.108826509485
1978-03-01,1978,1,3,GAC12_SALMINRE12,1978-03-01T00:00:00-03:00,366.263003350625
1978-04-01,1978,1,4,GAC12_SALMINRE12,1978-04-01T00:00:00-03:00,357.090926164573
1978-05-01,1978,1,5,GAC12_SALMINRE12,1978-05-01T00:00:00-03:00,491.020965831685
1978-06-01,1978,1,6,GAC12_SALMINRE12,1978-06-01T00:00:00-03:00,474.913883779984
1978-07-01,1978,1,7,GAC12_SALMINRE12,1978-07-01T00:00:00-03:00,450.087070206165
1978-08-01,1978,1,8,GAC12_SALMINRE12,1978-08-01T00:00:00-03:00,436.837062202667
1978-09-01,1978,1,9,GAC12_SALMINRE12,1978-09-01T00:00:00-03:00,427.932175749708
1978-10-01,1978,1,10,GAC12_SALMINRE12,1978-10-01T00:00:00-03:00,416.252449952142
1978-11-01,1978,1,11,GAC12_SALMINRE12,1978-11-01T00:00:00-03:00,407.274223071576
1978-12-01,1978,1,12,GAC12_SALMINRE12,1978-12-01T00:00:00-02:00,399.076363395548
1979-01-01,1979,1,1,GAC12_SALMINRE12,1979-01-01T00:00:00-02:00,377.085838933293
1979-02-01,1979,1,2,GAC12_SALMINRE12,1979-02-01T00:00:00-02:00,366.588636842803
1979-03-01,1979,1,3,GAC12_SALMINRE12,1979-03-01T00:00:00-03:00,354.3580954885
1979-04-01,1979,1,4,GAC12_SALMINRE12,1979-04-01T00:00:00-03:00,342.539811661083
1979-05-01,1979,1,5,GAC12_SALMINRE12,1979-05-01T00:00:00-03:00,489.389697968317
1979-06-01,1979,1,6,GAC12_SALMINRE12,1979-06-01T00:00:00-03:00,475.136572058746
1979-07-01,1979,1,7,GAC12_SALMINRE12,1979-07-01T00:00:00-03:00,450.971396743302
1979-08-01,1979,1,8,GAC12_SALMINRE12,1979-08-01T00:00:00-03:00,426.311512532009
1979-09-01,1979,1,9,GAC12_SALMINRE12,1979-09-01T00:00:00-03:00,399.887711113568
1979-10-01,1979,1,10,GAC12_SALMINRE12,1979-10-01T00:00:00-03:00,380.614099303561
1979-11-01,1979,1,11,GAC12_SALMINRE12,1979-11-01T00:00:00-03:00,463.862264311486
1979-12-01,1979,1,12,GAC12_SALMINRE12,1979-12-01T00:00:00-02:00,443.86084358578
1980-01-01,1980,1,1,GAC12_SALMINRE12,1980-01-01T00:00:00-02:00,416.529486337511
1980-02-01,1980,1,2,GAC12_SALMINRE12,1980-02-01T00:00:00-02:00,399.938259085398
1980-03-01,1980,1,3,GAC12_SALMINRE12,1980-03-01T00:00:00-03:00,380.446956819246
1980-04-01,1980,1,4,GAC12_SALMINRE12,1980-04-01T00:00:00-03:00,362.848707197759
1980-05-01,1980,1,5,GAC12_SALMINRE12,1980-05-01T00:00:00-03:00,486.47545264671
1980-06-01,1980,1,6,GAC12_SALMINRE12,1980-06-01T00:00:00-03:00,461.012056504035
1980-07-01,1980,1,7,GAC12_SALMINRE12,1980-07-01T00:00:00-03:00,436.920100232551
1980-08-01,1980,1,8,GAC12_SALMINRE12,1980-08-01T00:00:00-03:00,415.532958556148
1980-09-01,1980,1,9,GAC12_SALMINRE12,1980-09-01T00:00:00-03:00,397.817851044252
1980-10-01,1980,1,10,GAC12_SALMINRE12,1980-10-01T00:00:00-03:00,362.82336829574
1980-11-01,1980,1,11,GAC12_SALMINRE12,1980-11-01T00:00:00-03:00,468.541561210207
1980-12-01,1980,1,12,GAC12_SALMINRE12,1980-12-01T00:00:00-02:00,438.701809859105
1981-01-01,1981,1,1,GAC12_SALMINRE12,1981-01-01T00:00:00-02:00,413.053250861957
1981-02-01,1981,1,2,GAC12_SALMINRE12,1981-02-01T00:00:00-02:00,389.477412533568
1981-03-01,1981,1,3,GAC12_SALMINRE12,1981-03-01T00:00:00-03:00,369.686522440118
1981-04-01,1981,1,4,GAC12_SALMINRE12,1981-04-01T00:00:00-03:00,346.995066356176
1981-05-01,1981,1,5,GAC12_SALMINRE12,1981-05-01T00:00:00-03:00,480.890102934411
1981-06-01,1981,1,6,GAC12_SALMINRE12,1981-06-01T00:00:00-03:00,457.678965475037
1981-07-01,1981,1,7,GAC12_SALMINRE12,1981-07-01T00:00:00-03:00,430.951440985055
1981-08-01,1981,1,8,GAC12_SALMINRE12,1981-08-01T00:00:00-03:00,406.081576196341
1981-09-01,1981,1,9,GAC12_SALMINRE12,1981-09-01T00:00:00-03:00,385.732065240744
1981-10-01,1981,1,10,GAC12_SALMINRE12,1981-10-01T00:00:00-03:00,368.69260906556
1981-11-01,1981,1,11,GAC12_SALMINRE12,1981-11-01T00:00:00-03:00,493.704954055848
1981-12-01,1981,1,12,GAC12_SALMINRE12,1981-12-01T00:00:00-02:00,467.136680334663
1982-01-01,1982,1,1,GAC12_SALMINRE12,1982-01-01T00:00:00-02:00,437.747949786494
1982-02-01,1982,1,2,GAC12_SALMINRE12,1982-02-01T00:00:00-02:00,410.739899211668
1982-03-01,1982,1,3,GAC12_SALMINRE12,1982-03-01T00:00:00-03:00,390.293565824843
1982-04-01,1982,1,4,GAC12_SALMINRE12,1982-04-01T00:00:00-03:00,369.428299300737
1982-05-01,1982,1,5,GAC12_SALMINRE12,1982-05-01T00:00:00-03:00,482.236821070793
1982-06-01,1982,1,6,GAC12_SALMINRE12,1982-06-01T00:00:00-03:00,450.088456260025
1982-07-01,1982,1,7,GAC12_SALMINRE12,1982-07-01T00:00:00-03:00,423.048049574902
1982-08-01,1982,1,8,GAC12_SALMINRE12,1982-08-01T00:00:00-03:00,400.738125898056
1982-09-01,1982,1,9,GAC12_SALMINRE12,1982-09-01T00:00:00-03:00,384.201223279948
1982-10-01,1982,1,10,GAC12_SALMINRE12,1982-10-01T00:00:00-03:00,369.759111755683
1982-11-01,1982,1,11,GAC12_SALMINRE12,1982-11-01T00:00:00-03:00,498.495149022749
1982-12-01,1982,1,12,GAC12_SALMINRE12,1982-12-01T00:00:00-02:00,460.77921018463
1983-01-01,1983,1,1,GAC12_SALMINRE12,1983-01-01T00:00:00-02:00,422.173190747426
1983-02-01,1983,1,2,GAC12_SALMINRE12,1983-02-01T00:00:00-02:00,390.755794898263
1983-03-01,1983,1,3,GAC12_SALMINRE12,1983-03-01T00:00:00-03:00,364.440444005164
1983-04-01,1983,1,4,GAC12_SALMINRE12,1983-04-01T00:00:00-03:00,341.987584511277
1983-05-01,1983,1,5,GAC12_SALMINRE12,1983-05-01T00:00:00-03:00,472.89585984761
1983-06-01,1983,1,6,GAC12_SALMINRE12,1983-06-01T00:00:00-03:00,426.673366077374
1983-07-01,1983,1,7,GAC12_SALMINRE12,1983-07-01T00:00:00-03:00,382.911928629143
1983-08-01,1983,1,8,GAC12_SALMINRE12,1983-08-01T00:00:00-03:00,348.58683786561
1983-09-01,1983,1,9,GAC12_SALMINRE12,1983-09-01T00:00:00-03:00,313.272887643218
1983-10-01,1983,1,10,GAC12_SALMINRE12,1983-10-01T00:00:00-03:00,284.543810376733
1983-11-01,1983,1,11,GAC12_SALMINRE12,1983-11-01T00:00:00-03:00,435.275285193902
1983-12-01,1983,1,12,GAC12_SALMINRE12,1983-12-01T00:00:00-02:00,401.753343058544
1984-01-01,1984,1,1,GAC12_SALMINRE12,1984-01-01T00:00:00-02:00,367.263570212962
1984-02-01,1984,1,2,GAC12_SALMINRE12,1984-02-01T00:00:00-02:00,334.67666690945
1984-03-01,1984,1,3,GAC12_SALMINRE12,1984-03-01T00:00:00-03:00,304.713982052581
1984-04-01,1984,1,4,GAC12_SALMINRE12,1984-04-01T00:00:00-03:00,278.215346352585
1984-05-01,1984,1,5,GAC12_SALMINRE12,1984-05-01T00:00:00-03:00,435.402444535674
1984-06-01,1984,1,6,GAC12_SALMINRE12,1984-06-01T00:00:00-03:00,395.958321128456
1984-07-01,1984,1,7,GAC12_SALMINRE12,1984-07-01T00:00:00-03:00,362.905479013912
1984-08-01,1984,1,8,GAC12_SALMINRE12,1984-08-01T00:00:00-03:00,334.258275125006
1984-09-01,1984,1,9,GAC12_SALMINRE12,1984-09-01T00:00:00-03:00,300.85718534798
1984-10-01,1984,1,10,GAC12_SALMINRE12,1984-10-01T00:00:00-03:00,272.290332052001
1984-11-01,1984,1,11,GAC12_SALMINRE12,1984-11-01T00:00:00-03:00,423.02722212902
1984-12-01,1984,1,12,GAC12_SALMINRE12,1984-12-01T00:00:00-02:00,378.98261185521
1985-01-01,1985,1,1,GAC12_SALMINRE12,1985-01-01T00:00:00-02:00,338.870208531784
1985-02-01,1985,1,2,GAC12_SALMINRE12,1985-02-01T00:00:00-02:00,305.430523150433
1985-03-01,1985,1,3,GAC12_SALMINRE12,1985-03-01T00:00:00-03:00,277.804093535798
1985-04-01,1985,1,4,GAC12_SALMINRE12,1985-04-01T00:00:00-03:00,255.84251856534
1985-05-01,1985,1,5,GAC12_SALMINRE12,1985-05-01T00:00:00-03:00,477.305371123303
1985-06-01,1985,1,6,GAC12_SALMINRE12,1985-06-01T00:00:00-03:00,440.584754559726
1985-07-01,1985,1,7,GAC12_SALMINRE12,1985-07-01T00:00:00-03:00,400.254055774486
1985-08-01,1985,1,8,GAC12_SALMINRE12,1985-08-01T00:00:00-03:00,358.609998117041
1985-09-01,1985,1,9,GAC12_SALMINRE12,1985-09-01T00:00:00-03:00,325.749802322617
1985-10-01,1985,1,10,GAC12_SALMINRE12,1985-10-01T00:00:00-03:00,295.463926710792
1985-11-01,1985,1,11,GAC12_SALMINRE12,1985-11-01T00:00:00-03:00,466.071955137216
1985-12-01,1985,1,12,GAC12_SALMINRE12,1985-12-01T00:00:00-02:00,402.652660682268
1986-01-01,1986,1,1,GAC12_SALMINRE12,1986-01-01T00:00:00-02:00,350.102893502549
1986-02-01,1986,1,2,GAC12_SALMINRE12,1986-02-01T00:00:00-02:00,311.286861171468
1986-03-01,1986,1,3,GAC12_SALMINRE12,1986-03-01T00:00:00-03:00,404.293647773533
1986-04-01,1986,1,4,GAC12_SALMINRE12,1986-04-01T00:00:00-03:00,402.562622130079
1986-05-01,1986,1,5,GAC12_SALMINRE12,1986-05-01T00:00:00-03:00,398.279627540021
1986-06-01,1986,1,6,GAC12_SALMINRE12,1986-06-01T00:00:00-03:00,394.471313087685
1986-07-01,1986,1,7,GAC12_SALMINRE12,1986-07-01T00:00:00-03:00,390.924040783477
1986-08-01,1986,1,8,GAC12_SALMINRE12,1986-08-01T00:00:00-03:00,385.408619963909
1986-09-01,1986,1,9,GAC12_SALMINRE12,1986-09-01T00:00:00-03:00,380.870123213665
1986-10-01,1986,1,10,GAC12_SALMINRE12,1986-10-01T00:00:00-03:00,375.493302574583
1986-11-01,1986,1,11,GAC12_SALMINRE12,1986-11-01T00:00:00-03:00,363.540729415575
1986-12-01,1986,1,12,GAC12_SALMINRE12,1986-12-01T00:00:00-02:00,338.916626538561
1987-01-01,1987,1,1,GAC12_SALMINRE12,1987-01-01T00:00:00-02:00,348.153841593931
1987-02-01,1987,1,2,GAC12_SALMINRE12,1987-02-01T00:00:00-02:00,305.550052088986
1987-03-01,1987,1,3,GAC12_SALMINRE12,1987-03-01T00:00:00-03:00,378.717586102859
1987-04-01,1987,1,4,GAC12_SALMINRE12,1987-04-01T00:00:00-03:00,313.09572399625
1987-05-01,1987,1,5,GAC12_SALMINRE12,1987-05-01T00:00:00-03:00,305.112968132452
1987-06-01,1987,1,6,GAC12_SALMINRE12,1987-06-01T00:00:00-03:00,301.840380667758
1987-07-01,1987,1,7,GAC12_SALMINRE12,1987-07-01T00:00:00-03:00,274.573762995398
1987-08-01,1987,1,8,GAC12_SALMINRE12,1987-08-01T00:00:00-03:00,261.28768351192
1987-09-01,1987,1,9,GAC12_SALMINRE12,1987-09-01T00:00:00-03:00,297.077268376786
1987-10-01,1987,1,10,GAC12_SALMINRE12,1987-10-01T00:00:00-03:00,294.718799228563
1987-11-01,1987,1,11,GAC12_SALMINRE12,1987-11-01T00:00:00-03:00,291.401874550857
1987-12-01,1987,1,12,GAC12_SALMINRE12,1987-12-01T00:00:00-02:00,306.820229308763
1988-01-01,1988,1,1,GAC12_SALMINRE12,1988-01-01T00:00:00-02:00,322.373677017269
1988-02-01,1988,1,2,GAC12_SALMINRE12,1988-02-01T00:00:00-02:00,326.612137133115
1988-03-01,1988,1,3,GAC12_SALMINRE12,1988-03-01T00:00:00-03:00,326.864527446117
1988-04-01,1988,1,4,GAC12_SALMINRE12,1988-04-01T00:00:00-03:00,321.385230677102
1988-05-01,1988,1,5,GAC12_SALMINRE12,1988-05-01T00:00:00-03:00,326.169924513481
1988-06-01,1988,1,6,GAC12_SALMINRE12,1988-06-01T00:00:00-03:00,317.442337285135
1988-07-01,1988,1,7,GAC12_SALMINRE12,1988-07-01T00:00:00-03:00,309.709771744915
1988-08-01,1988,1,8,GAC12_SALMINRE12,1988-08-01T00:00:00-03:00,320.867145187969
1988-09-01,1988,1,9,GAC12_SALMINRE12,1988-09-01T00:00:00-03:00,308.18651597281
1988-10-01,1988,1,10,GAC12_SALMINRE12,1988-10-01T00:00:00-03:00,304.075766235874
1988-11-01,1988,1,11,GAC12_SALMINRE12,1988-11-01T00:00:00-03:00,308.365356925834
1988-12-01,1988,1,12,GAC12_SALMINRE12,1988-12-01T00:00:00-02:00,315.136121415695
1989-01-01,1989,1,1,GAC12_SALMINRE12,1989-01-01T00:00:00-02:00,312.870375406936
1989-02-01,1989,1,2,GAC12_SALMINRE12,1989-02-01T00:00:00-02:00,316.014831120523
1989-03-01,1989,1,3,GAC12_SALMINRE12,1989-03-01T00:00:00-03:00,298.408723250999
1989-04-01,1989,1,4,GAC12_SALMINRE12,1989-04-01T00:00:00-03:00,276.150982914021
1989-05-01,1989,1,5,GAC12_SALMINRE12,1989-05-01T00:00:00-03:00,301.516465679768
1989-06-01,1989,1,6,GAC12_SALMINRE12,1989-06-01T00:00:00-03:00,343.505468602713
1989-07-01,1989,1,7,GAC12_SALMINRE12,1989-07-01T00:00:00-03:00,336.584977930198
1989-08-01,1989,1,8,GAC12_SALMINRE12,1989-08-01T00:00:00-03:00,325.410128351286
1989-09-01,1989,1,9,GAC12_SALMINRE12,1989-09-01T00:00:00-03:00,308.691380110506
1989-10-01,1989,1,10,GAC12_SALMINRE12,1989-10-01T00:00:00-03:00,340.39309077667
1989-11-01,1989,1,11,GAC12_SALMINRE12,1989-11-01T00:00:00-03:00,334.732730300151
1989-12-01,1989,1,12,GAC12_SALMINRE12,1989-12-01T00:00:00-02:00,312.91736922268
1990-01-01,1990,1,1,GAC12_SALMINRE12,1990-01-01T00:00:00-02:00,303.076458209803
1990-02-01,1990,1,2,GAC12_SALMINRE12,1990-02-01T00:00:00-02:00,271.930357600707
1990-03-01,1990,1,3,GAC12_SALMINRE12,1990-03-01T00:00:00-03:00,273.605828532527
1990-04-01,1990,1,4,GAC12_SALMINRE12,1990-04-01T00:00:00-03:00,238.602797909546
1990-05-01,1990,1,5,GAC12_SALMINRE12,1990-05-01T00:00:00-03:00,222.349080659391
1990-06-01,1990,1,6,GAC12_SALMINRE12,1990-06-01T00:00:00-03:00,209.124286325588
1990-07-01,1990,1,7,GAC12_SALMINRE12,1990-07-01T00:00:00-03:00,236.086689867579
1990-08-01,1990,1,8,GAC12_SALMINRE12,1990-08-01T00:00:00-03:00,223.270079107342
1990-09-01,1990,1,9,GAC12_SALMINRE12,1990-09-01T00:00:00-03:00,227.432320613761
1990-10-01,1990,1,10,GAC12_SALMINRE12,1990-10-01T00:00:00-03:00,210.856397506108
1990-11-01,1990,1,11,GAC12_SALMINRE12,1990-11-01T00:00:00-03:00,233.795915214989
1990-12-01,1990,1,12,GAC12_SALMINRE12,1990-12-01T00:00:00-02:00,208.187088633496
1991-01-01,1991,1,1,GAC12_SALMINRE12,1991-01-01T00:00:00-02:00,240.082209867695
1991-02-01,1991,1,2,GAC12_SALMINRE12,1991-02-01T00:00:00-02:00,257.588351114694
1991-03-01,1991,1,3,GAC12_SALMINRE12,1991-03-01T00:00:00-03:00,246.433582629165
1991-04-01,1991,1,4,GAC12_SALMINRE12,1991-04-01T00:00:00-03:00,234.679396747378
1991-05-01,1991,1,5,GAC12_SALMINRE12,1991-05-01T00:00:00-03:00,219.984542727209
1991-06-01,1991,1,6,GAC12_SALMINRE12,1991-06-01T00:00:00-03:00,198.485409103441
1991-07-01,1991,1,7,GAC12_SALMINRE12,1991-07-01T00:00:00-03:00,176.994811069975
1991-08-01,1991,1,8,GAC12_SALMINRE12,1991-08-01T00:00:00-03:00,153.086101402426
1991-09-01,1991,1,9,GAC12_SALMINRE12,1991-09-01T00:00:00-03:00,327.111680046523
1991-10-01,1991,1,10,GAC12_SALMINRE12,1991-10-01T00:00:00-03:00,270.165220743494
1991-11-01,1991,1,11,GAC12_SALMINRE12,1991-11-01T00:00:00-03:00,213.604499055063
1991-12-01,1991,1,12,GAC12_SALMINRE12,1991-12-01T00:00:00-02:00,172.053576938434
1992-01-01,1992,1,1,GAC12_SALMINRE12,1992-01-01T00:00:00-02:00,312.43331086526
1992-02-01,1992,1,2,GAC12_SALMINRE12,1992-02-01T00:00:00-02:00,250.989883775366
1992-03-01,1992,1,3,GAC12_SALMINRE12,1992-03-01T00:00:00-03:00,206.372868571142
1992-04-01,1992,1,4,GAC12_SALMINRE12,1992-04-01T00:00:00-03:00,170.781563328818
1992-05-01,1992,1,5,GAC12_SALMINRE12,1992-05-01T00:00:00-03:00,328.51834696564
1992-06-01,1992,1,6,GAC12_SALMINRE12,1992-06-01T00:00:00-03:00,271.839743884554
1992-07-01,1992,1,7,GAC12_SALMINRE12,1992-07-01T00:00:00-03:00,222.673505389585
1992-08-01,1992,1,8,GAC12_SALMINRE12,1992-08-01T00:00:00-03:00,181.952492422857
1992-09-01,1992,1,9,GAC12_SALMINRE12,1992-09-01T00:00:00-03:00,333.199585324607
1992-10-01,1992,1,10,GAC12_SALMINRE12,1992-10-01T00:00:00-03:00,264.297482529711
1992-11-01,1992,1,11,GAC12_SALMINRE12,1992-11-01T00:00:00-03:00,215.068284740123
1992-12-01,1992,1,12,GAC12_SALMINRE12,1992-12-01T00:00:00-02:00,171.260085664122
1993-01-01,1993,1,1,GAC12_SALMINRE12,1993-01-01T00:00:00-02:00,318.54348762369
1993-02-01,1993,1,2,GAC12_SALMINRE12,1993-02-01T00:00:00-02:00,255.263577253058
1993-03-01,1993,1,3,GAC12_SALMINRE12,1993-03-01T00:00:00-03:00,273.461963387466
1993-04-01,1993,1,4,GAC12_SALMINRE12,1993-04-01T00:00:00-03:00,213.026337588163
1993-05-01,1993,1,5,GAC12_SALMINRE12,1993-05-01T00:00:00-03:00,324.703425020144
1993-06-01,1993,1,6,GAC12_SALMINRE12,1993-06-01T00:00:00-03:00,249.062961703168
1993-07-01,1993,1,7,GAC12_SALMINRE12,1993-07-01T00:00:00-03:00,267.027499803704
1993-08-01,1993,1,8,GAC12_SALMINRE12,1993-08-01T00:00:00-03:00,238.855583999376
1993-09-01,1993,1,9,GAC12_SALMINRE12,1993-09-01T00:00:00-03:00,305.691282356985
1993-10-01,1993,1,10,GAC12_SALMINRE12,1993-10-01T00:00:00-03:00,285.296145222319
1993-11-01,1993,1,11,GAC12_SALMINRE12,1993-11-01T00:00:00-03:00,262.0637017629
1993-12-01,1993,1,12,GAC12_SALMINRE12,1993-12-01T00:00:00-02:00,237.636036985018
1994-01-01,1994,1,1,GAC12_SALMINRE12,1994-01-01T00:00:00-02:00,294.7365959267
1994-02-01,1994,1,2,GAC12_SALMINRE12,1994-02-01T00:00:00-02:00,273.10448480418
1994-03-01,1994,1,3,GAC12_SALMINRE12,1994-03-01T00:00:00-03:00,224.162625295969
1994-04-01,1994,1,4,GAC12_SALMINRE12,1994-04-01T00:00:00-03:00,223.152448186274
1994-05-01,1994,1,5,GAC12_SALMINRE12,1994-05-01T00:00:00-03:00,224.876885474051
1994-06-01,1994,1,6,GAC12_SALMINRE12,1994-06-01T00:00:00-03:00,176.980145255996
1994-07-01,1994,1,7,GAC12_SALMINRE12,1994-07-01T00:00:00-03:00,198.236437357148
1994-08-01,1994,1,8,GAC12_SALMINRE12,1994-08-01T00:00:00-03:00,194.634814435232
1994-09-01,1994,1,9,GAC12_SALMINRE12,1994-09-01T00:00:00-03:00,207.382728928669
1994-10-01,1994,1,10,GAC12_SALMINRE12,1994-10-01T00:00:00-03:00,201.695057010868
1994-11-01,1994,1,11,GAC12_SALMINRE12,1994-11-01T00:00:00-03:00,195.895957941581
1994-12-01,1994,1,12,GAC12_SALMINRE12,1994-12-01T00:00:00-02:00,192.62062137358
1995-01-01,1995,1,1,GAC12_SALMINRE12,1995-01-01T00:00:00-02:00,189.886660785195
1995-02-01,1995,1,2,GAC12_SALMINRE12,1995-02-01T00:00:00-02:00,187.98723605254
1995-03-01,1995,1,3,GAC12_SALMINRE12,1995-03-01T00:00:00-03:00,184.989697505322
1995-04-01,1995,1,4,GAC12_SALMINRE12,1995-04-01T00:00:00-03:00,180.494922931217
1995-05-01,1995,1,5,GAC12_SALMINRE12,1995-05-01T00:00:00-03:00,252.545935553224
1995-06-01,1995,1,6,GAC12_SALMINRE12,1995-06-01T00:00:00-03:00,247.157801167866
1995-07-01,1995,1,7,GAC12_SALMINRE12,1995-07-01T00:00:00-03:00,241.223976358278
1995-08-01,1995,1,8,GAC12_SALMINRE12,1995-08-01T00:00:00-03:00,238.787658123999
1995-09-01,1995,1,9,GAC12_SALMINRE12,1995-09-01T00:00:00-03:00,236.025772941204
1995-10-01,1995,1,10,GAC12_SALMINRE12,1995-10-01T00:00:00-03:00,232.767141580128
1995-11-01,1995,1,11,GAC12_SALMINRE12,1995-11-01T00:00:00-03:00,229.305436776226
1995-12-01,1995,1,12,GAC12_SALMINRE12,1995-12-01T00:00:00-02:00,225.583485501129
1996-01-01,1996,1,1,GAC12_SALMINRE12,1996-01-01T00:00:00-02:00,222.337641736029
1996-02-01,1996,1,2,GAC12_SALMINRE12,1996-02-01T00:00:00-02:00,220.771004988747
1996-03-01,1996,1,3,GAC12_SALMINRE12,1996-03-01T00:00:00-03:00,220.132720303698
1996-04-01,1996,1,4,GAC12_SALMINRE12,1996-04-01T00:00:00-03:00,218.103698887585
1996-05-01,1996,1,5,GAC12_SALMINRE12,1996-05-01T00:00:00-03:00,241.1894233029
1996-06-01,1996,1,6,GAC12_SALMINRE12,1996-06-01T00:00:00-03:00,238.024260022514
1996-07-01,1996,1,7,GAC12_SALMINRE12,1996-07-01T00:00:00-03:00,235.202382048271
1996-08-01,1996,1,8,GAC12_SALMINRE12,1996-08-01T00:00:00-03:00,234.032868400066
1996-09-01,1996,1,9,GAC12_SALMINRE12,1996-09-01T00:00:00-03:00,233.986260685966
1996-10-01,1996,1,10,GAC12_SALMINRE12,1996-10-01T00:00:00-03:00,233.100802248206
1996-11-01,1996,1,11,GAC12_SALMINRE12,1996-11-01T00:00:00-03:00,232.31045065513
1996-12-01,1996,1,12,GAC12_SALMINRE12,1996-12-01T00:00:00-02:00,231.545719344262
1997-01-01,1997,1,1,GAC12_SALMINRE12,1997-01-01T00:00:00-02:00,229.684837119506
1997-02-01,1997,1,2,GAC12_SALMINRE12,1997-02-01T00:00:00-02:00,228.655090413953
1997-03-01,1997,1,3,GAC12_SALMINRE12,1997-03-01T00:00:00-03:00,227.111406634884
1997-04-01,1997,1,4,GAC12_SALMINRE12,1997-04-01T00:00:00-03:00,225.756993970599
1997-05-01,1997,1,5,GAC12_SALMINRE12,1997-05-01T00:00:00-03:00,241.615976251615
1997-06-01,1997,1,6,GAC12_SALMINRE12,1997-06-01T00:00:00-03:00,240.773876153746
1997-07-01,1997,1,7,GAC12_SALMINRE12,1997-07-01T00:00:00-03:00,240.341426733632
1997-08-01,1997,1,8,GAC12_SALMINRE12,1997-08-01T00:00:00-03:00,240.412826890113
1997-09-01,1997,1,9,GAC12_SALMINRE12,1997-09-01T00:00:00-03:00,240.173294049121
1997-10-01,1997,1,10,GAC12_SALMINRE12,1997-10-01T00:00:00-03:00,239.479484155653
1997-11-01,1997,1,11,GAC12_SALMINRE12,1997-11-01T00:00:00-03:00,239.120621265106
1997-12-01,1997,1,12,GAC12_SALMINRE12,1997-12-01T00:00:00-02:00,237.765697527429
1998-01-01,1998,1,1,GAC12_SALMINRE12,1998-01-01T00:00:00-02:00,235.761859434565
1998-02-01,1998,1,2,GAC12_SALMINRE12,1998-02-01T00:00:00-02:00,234.496386378487
1998-03-01,1998,1,3,GAC12_SALMINRE12,1998-03-01T00:00:00-03:00,233.353318324546
1998-04-01,1998,1,4,GAC12_SALMINRE12,1998-04-01T00:00:00-03:00,232.308636018587
1998-05-01,1998,1,5,GAC12_SALMINRE12,1998-05-01T00:00:00-03:00,249.869355144794
1998-06-01,1998,1,6,GAC12_SALMINRE12,1998-06-01T00:00:00-03:00,249.495185169343
1998-07-01,1998,1,7,GAC12_SALMINRE12,1998-07-01T00:00:00-03:00,250.195338131733
1998-08-01,1998,1,8,GAC12_SALMINRE12,1998-08-01T00:00:00-03:00,251.427103721071
1998-09-01,1998,1,9,GAC12_SALMINRE12,1998-09-01T00:00:00-03:00,252.208965463523
1998-10-01,1998,1,10,GAC12_SALMINRE12,1998-10-01T00:00:00-03:00,251.93114147108
1998-11-01,1998,1,11,GAC12_SALMINRE12,1998-11-01T00:00:00-03:00,252.385295475774
1998-12-01,1998,1,12,GAC12_SALMINRE12,1998-12-01T00:00:00-02:00,251.32928284744
1999-01-01,1999,1,1,GAC12_SALMINRE12,1999-01-01T00:00:00-02:00,249.706681989767
1999-02-01,1999,1,2,GAC12_SALMINRE12,1999-02-01T00:00:00-02:00,246.526833910331
1999-03-01,1999,1,3,GAC12_SALMINRE12,1999-03-01T00:00:00-03:00,243.41086197609
1999-04-01,1999,1,4,GAC12_SALMINRE12,1999-04-01T00:00:00-03:00,242.272148285316
1999-05-01,1999,1,5,GAC12_SALMINRE12,1999-05-01T00:00:00-03:00,253.327261945753
1999-06-01,1999,1,6,GAC12_SALMINRE12,1999-06-01T00:00:00-03:00,253.150791076853
1999-07-01,1999,1,7,GAC12_SALMINRE12,1999-07-01T00:00:00-03:00,251.291270356442
1999-08-01,1999,1,8,GAC12_SALMINRE12,1999-08-01T00:00:00-03:00,249.916891303731
1999-09-01,1999,1,9,GAC12_SALMINRE12,1999-09-01T00:00:00-03:00,248.946199141818
1999-10-01,1999,1,10,GAC12_SALMINRE12,1999-10-01T00:00:00-03:00,246.57976010888
1999-11-01,1999,1,11,GAC12_SALMINRE12,1999-11-01T00:00:00-03:00,244.284220259051
1999-12-01,1999,1,12,GAC12_SALMINRE12,1999-12-01T00:00:00-02:00,242.489629688768
2000-01-01,2000,1,1,GAC12_SALMINRE12,2000-01-01T00:00:00-02:00,241.019434654428
2000-02-01,2000,1,2,GAC12_SALMINRE12,2000-02-01T00:00:00-02:00,240.898852587861
2000-03-01,2000,1,3,GAC12_SALMINRE12,2000-03-01T00:00:00-03:00,240.585903144107
2000-04-01,2000,1,4,GAC12_SALMINRE12,2000-04-01T00:00:00-03:00,266.881088087901
2000-05-01,2000,1,5,GAC12_SALMINRE12,2000-05-01T00:00:00-03:00,267.014382008632
2000-06-01,2000,1,6,GAC12_SALMINRE12,2000-06-01T00:00:00-03:00,266.214952679402
2000-07-01,2000,1,7,GAC12_SALMINRE12,2000-07-01T00:00:00-03:00,262.565508334549
2000-08-01,2000,1,8,GAC12_SALMINRE12,2000-08-01T00:00:00-03:00,259.426399528177
2000-09-01,2000,1,9,GAC12_SALMINRE12,2000-09-01T00:00:00-03:00,258.315489838828
2000-10-01,2000,1,10,GAC12_SALMINRE12,2000-10-01T00:00:00-03:00,257.902708430758
2000-11-01,2000,1,11,GAC12_SALMINRE12,2000-11-01T00:00:00-03:00,257.156831889985
2000-12-01,2000,1,12,GAC12_SALMINRE12,2000-12-01T00:00:00-02:00,255.749805075702
2001-01-01,2001,1,1,GAC12_SALMINRE12,2001-01-01T00:00:00-02:00,253.795095227332
2001-02-01,2001,1,2,GAC12_SALMINRE12,2001-02-01T00:00:00-02:00,252.557180032565
2001-03-01,2001,1,3,GAC12_SALMINRE12,2001-03-01T00:00:00-03:00,251.350483977331
2001-04-01,2001,1,4,GAC12_SALMINRE12,2001-04-01T00:00:00-03:00,297.12779138784
2001-05-01,2001,1,5,GAC12_SALMINRE12,2001-05-01T00:00:00-03:00,295.443840528874
2001-06-01,2001,1,6,GAC12_SALMINRE12,2001-06-01T00:00:00-03:00,293.682409797611
2001-07-01,2001,1,7,GAC12_SALMINRE12,2001-07-01T00:00:00-03:00,290.458256227619
2001-08-01,2001,1,8,GAC12_SALMINRE12,2001-08-01T00:00:00-03:00,288.18107295559
2001-09-01,2001,1,9,GAC12_SALMINRE12,2001-09-01T00:00:00-03:00,286.919311735279
2001-10-01,2001,1,10,GAC12_SALMINRE12,2001-10-01T00:00:00-03:00,284.247869341696
2001-11-01,2001,1,11,GAC12_SALMINRE12,2001-11-01T00:00:00-03:00,280.62741551369
2001-12-01,2001,1,12,GAC12_SALMINRE12,2001-12-01T00:00:00-02:00,278.566639388401
2002-01-01,2002,1,1,GAC12_SALMINRE12,2002-01-01T00:00:00-02:00,275.61799965869
2002-02-01,2002,1,2,GAC12_SALMINRE12,2002-02-01T00:00:00-02:00,274.766863777965
2002-03-01,2002,1,3,GAC12_SALMINRE12,2002-03-01T00:00:00-03:00,273.074414924747
2002-04-01,2002,1,4,GAC12_SALMINRE12,2002-04-01T00:00:00-03:00,301.366028334544
2002-05-01,2002,1,5,GAC12_SALMINRE12,2002-05-01T00:00:00-03:00,301.095321101693
2002-06-01,2002,1,6,GAC12_SALMINRE12,2002-06-01T00:00:00-03:00,299.26922843536
2002-07-01,2002,1,7,GAC12_SALMINRE12,2002-07-01T00:00:00-03:00,295.866470175084
2002-08-01,2002,1,8,GAC12_SALMINRE12,2002-08-01T00:00:00-03:00,293.343105100007
2002-09-01,2002,1,9,GAC12_SALMINRE12,2002-09-01T00:00:00-03:00,290.928144786341
2002-10-01,2002,1,10,GAC12_SALMINRE12,2002-10-01T00:00:00-03:00,286.431212264994
2002-11-01,2002,1,11,GAC12_SALMINRE12,2002-11-01T00:00:00-03:00,277.040208689883
2002-12-01,2002,1,12,GAC12_SALMINRE12,2002-12-01T00:00:00-02:00,269.756585627759
2003-01-01,2003,1,1,GAC12_SALMINRE12,2003-01-01T00:00:00-02:00,263.254116068446
2003-02-01,2003,1,2,GAC12_SALMINRE12,2003-02-01T00:00:00-02:00,259.465541035298
2003-03-01,2003,1,3,GAC12_SALMINRE12,2003-03-01T00:00:00-03:00,255.958980611849
2003-04-01,2003,1,4,GAC12_SALMINRE12,2003-04-01T00:00:00-03:00,302.970029346426
2003-05-01,2003,1,5,GAC12_SALMINRE12,2003-05-01T00:00:00-03:00,300.000390368976
2003-06-01,2003,1,6,GAC12_SALMINRE12,2003-06-01T00:00:00-03:00,300.180558053163
2003-07-01,2003,1,7,GAC12_SALMINRE12,2003-07-01T00:00:00-03:00,300.05998073021
2003-08-01,2003,1,8,GAC12_SALMINRE12,2003-08-01T00:00:00-03:00,299.520558941142
2003-09-01,2003,1,9,GAC12_SALMINRE12,2003-09-01T00:00:00-03:00,297.084506566355
2003-10-01,2003,1,10,GAC12_SALMINRE12,2003-10-01T00:00:00-03:00,295.930870733657
2003-11-01,2003,1,11,GAC12_SALMINRE12,2003-11-01T00:00:00-03:00,294.83986005468
2003-12-01,2003,1,12,GAC12_SALMINRE12,2003-12-01T00:00:00-02:00,293.256292862849
2004-01-01,2004,1,1,GAC12_SALMINRE12,2004-01-01T00:00:00-02:00,290.842258080953
2004-02-01,2004,1,2,GAC12_SALMINRE12,2004-02-01T00:00:00-02:00,289.711806027502
2004-03-01,2004,1,3,GAC12_SALMINRE12,2004-03-01T00:00:00-03:00,288.070348062883
2004-04-01,2004,1,4,GAC12_SALMINRE12,2004-04-01T00:00:00-03:00,286.894689670034
2004-05-01,2004,1,5,GAC12_SALMINRE12,2004-05-01T00:00:00-03:00,309.564026489839
2004-06-01,2004,1,6,GAC12_SALMINRE12,2004-06-01T00:00:00-03:00,308.024493164189
2004-07-01,2004,1,7,GAC12_SALMINRE12,2004-07-01T00:00:00-03:00,305.792570645465
2004-08-01,2004,1,8,GAC12_SALMINRE12,2004-08-01T00:00:00-03:00,304.271371718655
2004-09-01,2004,1,9,GAC12_SALMINRE12,2004-09-01T00:00:00-03:00,303.755551170163
2004-10-01,2004,1,10,GAC12_SALMINRE12,2004-10-01T00:00:00-03:00,303.240227898861
2004-11-01,2004,1,11,GAC12_SALMINRE12,2004-11-01T00:00:00-03:00,301.911257438655
2004-12-01,2004,1,12,GAC12_SALMINRE12,2004-12-01T00:00:00-02:00,299.336619633826
2005-01-01,2005,1,1,GAC12_SALMINRE12,2005-01-01T00:00:00-02:00,297.640442103517
2005-02-01,2005,1,2,GAC12_SALMINRE12,2005-02-01T00:00:00-02:00,296.336146737331
2005-03-01,2005,1,3,GAC12_SALMINRE12,2005-03-01T00:00:00-03:00,294.188714728489
2005-04-01,2005,1,4,GAC12_SALMINRE12,2005-04-01T00:00:00-03:00,291.5356799459
2005-05-01,2005,1,5,GAC12_SALMINRE12,2005-05-01T00:00:00-03:00,334.049261186888
2005-06-01,2005,1,6,GAC12_SALMINRE12,2005-06-01T00:00:00-03:00,334.417374033251
2005-07-01,2005,1,7,GAC12_SALMINRE12,2005-07-01T00:00:00-03:00,334.317377493877
2005-08-01,2005,1,8,GAC12_SALMINRE12,2005-08-01T00:00:00-03:00,334.317377493877
2005-09-01,2005,1,9,GAC12_SALMINRE12,2005-09-01T00:00:00-03:00,333.81697905734
2005-10-01,2005,1,10,GAC12_SALMINRE12,2005-10-01T00:00:00-03:00,331.892488440916
2005-11-01,2005,1,11,GAC12_SALMINRE12,2005-11-01T00:00:00-02:00,330.1105672699
2005-12-01,2005,1,12,GAC12_SALMINRE12,2005-12-01T00:00:00-02:00,328.79490226985
2006-01-01,2006,1,1,GAC12_SALMINRE12,2006-01-01T00:00:00-02:00,327.550278386184
2006-02-01,2006,1,2,GAC12_SALMINRE12,2006-02-01T00:00:00-02:00,326.798213050485
2006-03-01,2006,1,3,GAC12_SALMINRE12,2006-03-01T00:00:00-03:00,325.918281072542
2006-04-01,2006,1,4,GAC12_SALMINRE12,2006-04-01T00:00:00-03:00,379.782051021637
2006-05-01,2006,1,5,GAC12_SALMINRE12,2006-05-01T00:00:00-03:00,379.289465413237
2006-06-01,2006,1,6,GAC12_SALMINRE12,2006-06-01T00:00:00-03:00,379.555215636912
2006-07-01,2006,1,7,GAC12_SALMINRE12,2006-07-01T00:00:00-03:00,379.138603736258
2006-08-01,2006,1,8,GAC12_SALMINRE12,2006-08-01T00:00:00-03:00,379.214019570526
2006-09-01,2006,1,9,GAC12_SALMINRE12,2006-09-01T00:00:00-03:00,378.608639678453
2006-10-01,2006,1,10,GAC12_SALMINRE12,2006-10-01T00:00:00-03:00,376.987454541788
2006-11-01,2006,1,11,GAC12_SALMINRE12,2006-11-01T00:00:00-03:00,375.411367511879
2006-12-01,2006,1,12,GAC12_SALMINRE12,2006-12-01T00:00:00-02:00,373.098470093249
2007-01-01,2007,1,1,GAC12_SALMINRE12,2007-01-01T00:00:00-02:00,371.279138734666
2007-02-01,2007,1,2,GAC12_SALMINRE12,2007-02-01T00:00:00-02:00,369.726880430715
2007-03-01,2007,1,3,GAC12_SALMINRE12,2007-03-01T00:00:00-03:00,368.106885039163
2007-04-01,2007,1,4,GAC12_SALMINRE12,2007-04-01T00:00:00-03:00,398.622781743273
2007-05-01,2007,1,5,GAC12_SALMINRE12,2007-05-01T00:00:00-03:00,397.589080761471
2007-06-01,2007,1,6,GAC12_SALMINRE12,2007-06-01T00:00:00-03:00,396.360657019314
2007-07-01,2007,1,7,GAC12_SALMINRE12,2007-07-01T00:00:00-03:00,395.096286049151
2007-08-01,2007,1,8,GAC12_SALMINRE12,2007-08-01T00:00:00-03:00,392.779272157423
2007-09-01,2007,1,9,GAC12_SALMINRE12,2007-09-01T00:00:00-03:00,391.799861865013
2007-10-01,2007,1,10,GAC12_SALMINRE12,2007-10-01T00:00:00-03:00,390.628162233836
2007-11-01,2007,1,11,GAC12_SALMINRE12,2007-11-01T00:00:00-02:00,388.955366465395
2007-12-01,2007,1,12,GAC12_SALMINRE12,2007-12-01T00:00:00-02:00,385.21898495341
2008-01-01,2008,1,1,GAC12_SALMINRE12,2008-01-01T00:00:00-02:00,382.579026317532
2008-02-01,2008,1,2,GAC12_SALMINRE12,2008-02-01T00:00:00-02:00,380.75194319016
2008-03-01,2008,1,3,GAC12_SALMINRE12,2008-03-01T00:00:00-03:00,413.710797621278
2008-04-01,2008,1,4,GAC12_SALMINRE12,2008-04-01T00:00:00-03:00,411.080443002404
2008-05-01,2008,1,5,GAC12_SALMINRE12,2008-05-01T00:00:00-03:00,407.171643074311
2008-06-01,2008,1,6,GAC12_SALMINRE12,2008-06-01T00:00:00-03:00,403.499853945929
2008-07-01,2008,1,7,GAC12_SALMINRE12,2008-07-01T00:00:00-03:00,401.172523668872
2008-08-01,2008,1,8,GAC12_SALMINRE12,2008-08-01T00:00:00-03:00,400.332244455552
2008-09-01,2008,1,9,GAC12_SALMINRE12,2008-09-01T00:00:00-03:00,399.733225936891
2008-10-01,2008,1,10,GAC12_SALMINRE12,2008-10-01T00:00:00-03:00,397.744893724285
2008-11-01,2008,1,11,GAC12_SALMINRE12,2008-11-01T00:00:00-02:00,396.239193370494
2008-12-01,2008,1,12,GAC12_SALMINRE12,2008-12-01T00:00:00-02:00,395.093804775455
2009-01-01,2009,1,1,GAC12_SALMINRE12,2009-01-01T00:00:00-02:00,392.581376860045
2009-02-01,2009,1,2,GAC12_SALMINRE12,2009-02-01T00:00:00-02:00,438.521195368524
2009-03-01,2009,1,3,GAC12_SALMINRE12,2009-03-01T00:00:00-03:00,437.645446928892
2009-04-01,2009,1,4,GAC12_SALMINRE12,2009-04-01T00:00:00-03:00,435.251839499035
2009-05-01,2009,1,5,GAC12_SALMINRE12,2009-05-01T00:00:00-03:00,432.655327038971
2009-06-01,2009,1,6,GAC12_SALMINRE12,2009-06-01T00:00:00-03:00,430.846540092735
2009-07-01,2009,1,7,GAC12_SALMINRE12,2009-07-01T00:00:00-03:00,429.85799873552
2009-08-01,2009,1,8,GAC12_SALMINRE12,2009-08-01T00:00:00-03:00,429.514550828391
2009-09-01,2009,1,9,GAC12_SALMINRE12,2009-09-01T00:00:00-03:00,428.827902597478
2009-10-01,2009,1,10,GAC12_SALMINRE12,2009-10-01T00:00:00-03:00,427.801342066166
2009-11-01,2009,1,11,GAC12_SALMINRE12,2009-11-01T00:00:00-02:00,426.224471148218
2009-12-01,2009,1,12,GAC12_SALMINRE12,2009-12-01T00:00:00-02:00,425.20345885575
2010-01-01,2010,1,1,GAC12_SALMINRE12,2010-01-01T00:00:00-02:00,462.283784885191
2010-02-01,2010,1,2,GAC12_SALMINRE12,2010-02-01T00:00:00-02:00,459.07077719905
2010-03-01,2010,1,3,GAC12_SALMINRE12,2010-03-01T00:00:00-03:00,455.834507634294
2010-04-01,2010,1,4,GAC12_SALMINRE12,2010-04-01T00:00:00-03:00,452.53152459442
2010-05-01,2010,1,5,GAC12_SALMINRE12,2010-05-01T00:00:00-03:00,450.593412519643
2010-06-01,2010,1,6,GAC12_SALMINRE12,2010-06-01T00:00:00-03:00,451.090116371935
2010-07-01,2010,1,7,GAC12_SALMINRE12,2010-07-01T00:00:00-03:00,451.405873532949
2010-08-01,2010,1,8,GAC12_SALMINRE12,2010-08-01T00:00:00-03:00,451.722073055346
2010-09-01,2010,1,9,GAC12_SALMINRE12,2010-09-01T00:00:00-03:00,449.295627698711
2010-10-01,2010,1,10,GAC12_SALMINRE12,2010-10-01T00:00:00-03:00,445.199628824456
2010-11-01,2010,1,11,GAC12_SALMINRE12,2010-11-01T00:00:00-02:00,440.660835931243
2010-12-01,2010,1,12,GAC12_SALMINRE12,2010-12-01T00:00:00-02:00,438.032446162804
2011-01-01,2011,1,1,GAC12_SALMINRE12,2011-01-01T00:00:00-02:00,459.479803357994
2011-02-01,2011,1,2,GAC12_SALMINRE12,2011-02-01T00:00:00-02:00,457.011297628724
2011-03-01,2011,1,3,GAC12_SALMINRE12,2011-03-01T00:00:00-03:00,458.218434487337
2011-04-01,2011,1,4,GAC12_SALMINRE12,2011-04-01T00:00:00-03:00,454.942252829714
2011-05-01,2011,1,5,GAC12_SALMINRE12,2011-05-01T00:00:00-03:00,452.36386054922
2011-06-01,2011,1,6,GAC12_SALMINRE12,2011-06-01T00:00:00-03:00,451.370494410421
2011-07-01,2011,1,7,GAC12_SALMINRE12,2011-07-01T00:00:00-03:00,451.370494410421
2011-08-01,2011,1,8,GAC12_SALMINRE12,2011-08-01T00:00:00-03:00,449.483157748005
2011-09-01,2011,1,9,GAC12_SALMINRE12,2011-09-01T00:00:00-03:00,447.468811932997
2011-10-01,2011,1,10,GAC12_SALMINRE12,2011-10-01T00:00:00-03:00,446.041380216706
2011-11-01,2011,1,11,GAC12_SALMINRE12,2011-11-01T00:00:00-02:00,443.514190021599
2011-12-01,2011,1,12,GAC12_SALMINRE12,2011-12-01T00:00:00-02:00,441.263827164277
2012-01-01,2012,1,1,GAC12_SALMINRE12,2012-01-01T00:00:00-02:00,501.052325565882
2012-02-01,2012,1,2,GAC12_SALMINRE12,2012-02-01T00:00:00-02:00,499.106212907586
2012-03-01,2012,1,3,GAC12_SALMINRE12,2012-03-01T00:00:00-03:00,498.209953832947
2012-04-01,2012,1,4,GAC12_SALMINRE12,2012-04-01T00:00:00-03:00,495.040502989891
2012-05-01,2012,1,5,GAC12_SALMINRE12,2012-05-01T00:00:00-03:00,492.333148644206
2012-06-01,2012,1,6,GAC12_SALMINRE12,2012-06-01T00:00:00-03:00,491.058289208722
2012-07-01,2012,1,7,GAC12_SALMINRE12,2012-07-01T00:00:00-03:00,488.955369666524
2012-08-01,2012,1,8,GAC12_SALMINRE12,2012-08-01T00:00:00-03:00,486.765458732591
2012-09-01,2012,1,9,GAC12_SALMINRE12,2012-09-01T00:00:00-03:00,483.716926527806
2012-10-01,2012,1,10,GAC12_SALMINRE12,2012-10-01T00:00:00-03:00,480.307933937697
2012-11-01,2012,1,11,GAC12_SALMINRE12,2012-11-01T00:00:00-02:00,477.727817940727
2012-12-01,2012,1,12,GAC12_SALMINRE12,2012-12-01T00:00:00-02:00,474.21854566548
2013-01-01,2013,1,1,GAC12_SALMINRE12,2013-01-01T00:00:00-02:00,512.201026562448
2013-02-01,2013,1,2,GAC12_SALMINRE12,2013-02-01T00:00:00-02:00,509.550832196154
2013-03-01,2013,1,3,GAC12_SALMINRE12,2013-03-01T00:00:00-03:00,506.512095617208
2013-04-01,2013,1,4,GAC12_SALMINRE12,2013-04-01T00:00:00-03:00,503.541073657353
2013-05-01,2013,1,5,GAC12_SALMINRE12,2013-05-01T00:00:00-03:00,501.784571746412
2013-06-01,2013,1,6,GAC12_SALMINRE12,2013-06-01T00:00:00-03:00,500.382953473151
2013-07-01,2013,1,7,GAC12_SALMINRE12,2013-07-01T00:00:00-03:00,501.034410481933
2013-08-01,2013,1,8,GAC12_SALMINRE12,2013-08-01T00:00:00-03:00,500.234361266198
2013-09-01,2013,1,9,GAC12_SALMINRE12,2013-09-01T00:00:00-03:00,498.886735243266
2013-10-01,2013,1,10,GAC12_SALMINRE12,2013-10-01T00:00:00-03:00,495.86207846004
2013-11-01,2013,1,11,GAC12_SALMINRE12,2013-11-01T00:00:00-02:00,493.199193270991
2013-12-01,2013,1,12,GAC12_SALMINRE12,2013-12-01T00:00:00-02:00,489.672874499395
2014-01-01,2014,1,1,GAC12_SALMINRE12,2014-01-01T00:00:00-02:00,519.622816608646
2014-02-01,2014,1,2,GAC12_SALMINRE12,2014-02-01T00:00:00-02:00,516.318017064991
2014-03-01,2014,1,3,GAC12_SALMINRE12,2014-03-01T00:00:00-03:00,512.118380722834
2014-04-01,2014,1,4,GAC12_SALMINRE12,2014-04-01T00:00:00-03:00,508.155189784915
2014-05-01,2014,1,5,GAC12_SALMINRE12,2014-05-01T00:00:00-03:00,505.124816397482
2014-06-01,2014,1,6,GAC12_SALMINRE12,2014-06-01T00:00:00-03:00,503.814309217085
2014-07-01,2014,1,7,GAC12_SALMINRE12,2014-07-01T00:00:00-03:00,503.160367747506
2014-08-01,2014,1,8,GAC12_SALMINRE12,2014-08-01T00:00:00-03:00,502.255815321713
2014-09-01,2014,1,9,GAC12_SALMINRE12,2014-09-01T00:00:00-03:00,499.807518676308
2014-10-01,2014,1,10,GAC12_SALMINRE12,2014-10-01T00:00:00-03:00,497.915563319815
2014-11-01,2014,1,11,GAC12_SALMINRE12,2014-11-01T00:00:00-02:00,495.290283933856
2014-12-01,2014,1,12,GAC12_SALMINRE12,2014-12-01T00:00:00-02:00,492.238403927284
2015-01-01,2015,1,1,GAC12_SALMINRE12,2015-01-01T00:00:00-02:00,527.938543550457
2015-02-01,2015,1,2,GAC12_SALMINRE12,2015-02-01T00:00:00-02:00,521.883537094261
2015-03-01,2015,1,3,GAC12_SALMINRE12,2015-03-01T00:00:00-03:00,514.121269920635
2015-04-01,2015,1,4,GAC12_SALMINRE12,2015-04-01T00:00:00-03:00,510.497087028521
2015-05-01,2015,1,5,GAC12_SALMINRE12,2015-05-01T00:00:00-03:00,505.491975588831
2015-06-01,2015,1,6,GAC12_SALMINRE12,2015-06-01T00:00:00-03:00,501.630370268006
2015-07-01,2015,1,7,GAC12_SALMINRE12,2015-07-01T00:00:00-03:00,498.737277970592
2015-08-01,2015,1,8,GAC12_SALMINRE12,2015-08-01T00:00:00-03:00,497.493314013065
2015-09-01,2015,1,9,GAC12_SALMINRE12,2015-09-01T00:00:00-03:00,494.969020113291
2015-10-01,2015,1,10,GAC12_SALMINRE12,2015-10-01T00:00:00-03:00,491.187005223562
2015-11-01,2015,1,11,GAC12_SALMINRE12,2015-11-01T00:00:00-02:00,485.794468103704
2015-12-01,2015,1,12,GAC12_SALMINRE12,2015-12-01T00:00:00-02:00,481.46127471405
2016-01-01,2016,1,1,GAC12_SALMINRE12,2016-01-01T00:00:00-02:00,529.674386299992
2016-02-01,2016,1,2,GAC12_SALMINRE12,2016-02-01T00:00:00-02:00,524.690343721372
2016-03-01,2016,1,3,GAC12_SALMINRE12,2016-03-01T00:00:00-03:00,522.390941645818
2016-04-01,2016,1,4,GAC12_SALMINRE12,2016-04-01T00:00:00-03:00,519.069625362345
2016-05-01,2016,1,5,GAC12_SALMINRE12,2016-05-01T00:00:00-03:00,514.031953996471
2016-06-01,2016,1,6,GAC12_SALMINRE12,2016-06-01T00:00:00-03:00,511.627312486132
2016-07-01,2016,1,7,GAC12_SALMINRE12,2016-07-01T00:00:00-03:00,508.373631087431
2016-08-01,2016,1,8,GAC12_SALMINRE12,2016-08-01T00:00:00-03:00,506.802445513975
2016-09-01,2016,1,9,GAC12_SALMINRE12,2016-09-01T00:00:00-03:00,506.397790215701
2016-10-01,2016,1,10,GAC12_SALMINRE12,2016-10-01T00:00:00-03:00,505.538117103855
2016-11-01,2016,1,11,GAC12_SALMINRE12,2016-11-01T00:00:00-02:00,505.184620456394
2016-12-01,2016,1,12,GAC12_SALMINRE12,2016-12-01T00:00:00-02:00,504.478087130208
2017-01-01,2017,1,1,GAC12_SALMINRE12,2017-01-01T00:00:00-02:00,534.908033088704
2017-02-01,2017,1,2,GAC12_SALMINRE12,2017-02-01T00:00:00-02:00,533.627077718962
2017-03-01,2017,1,3,GAC12_SALMINRE12,2017-03-01T00:00:00-03:00,531.924385775048
2017-04-01,2017,1,4,GAC12_SALMINRE12,2017-04-01T00:00:00-03:00,531.499344810717
2017-05-01,2017,1,5,GAC12_SALMINRE12,2017-05-01T00:00:00-03:00,529.592394316598
2017-06-01,2017,1,6,GAC12_SALMINRE12,2017-06-01T00:00:00-03:00,531.185527972819
2017-07-01,2017,1,7,GAC12_SALMINRE12,2017-07-01T00:00:00-03:00,530.284438190333
2017-08-01,2017,1,8,GAC12_SALMINRE12,2017-08-01T00:00:00-03:00,530.443418912475
2017-09-01,2017,1,9,GAC12_SALMINRE12,2017-09-01T00:00:00-03:00,530.549459029883
2017-10-01,2017,1,10,GAC12_SALMINRE12,2017-10-01T00:00:00-03:00,528.593501714985
2017-11-01,2017,1,11,GAC12_SALMINRE12,2017-11-01T00:00:00-02:00,527.64347442674
2017-12-01,2017,1,12,GAC12_SALMINRE12,2017-12-01T00:00:00-02:00,526.274906881449
2018-01-01,2018,1,1,GAC12_SALMINRE12,2018-01-01T00:00:00-02:00,534.59341659858
2018-02-01,2018,1,2,GAC12_SALMINRE12,2018-02-01T00:00:00-02:00,533.632680980377
2018-03-01,2018,1,3,GAC12_SALMINRE12,2018-03-01T00:00:00-03:00,533.259876551334
2018-04-01,2018,1,4,GAC12_SALMINRE12,2018-04-01T00:00:00-03:00,532.142486129004
2018-05-01,2018,1,5,GAC12_SALMINRE12,2018-05-01T00:00:00-03:00,529.864542342456
2018-06-01,2018,1,6,GAC12_SALMINRE12,2018-06-01T00:00:00-03:00,522.394779376875
2018-07-01,2018,1,7,GAC12_SALMINRE12,2018-07-01T00:00:00-03:00,521.09218742833
2018-08-01,2018,1,8,GAC12_SALMINRE12,2018-08-01T00:00:00-03:00,521.09218742833
2018-09-01,2018,1,9,GAC12_SALMINRE12,2018-09-01T00:00:00-03:00,519.533231058761
2018-10-01,2018,1,10,GAC12_SALMINRE12,2018-10-01T00:00:00-03:00,517.463789787863
2018-11-01,2018,1,11,GAC12_SALMINRE12,2018-11-01T00:00:00-03:00,518.760233387381
2018-12-01,2018,1,12,GAC12_SALMINRE12,2018-12-01T00:00:00-02:00,518.035213429598
2019-01-01,2019,1,1,GAC12_SALMINRE12,2019-01-01T00:00:00-02:00,539.983663026789
2019-02-01,2019,1,2,GAC12_SALMINRE12,2019-02-01T00:00:00-02:00,537.083233405296
2019-03-01,2019,1,3,GAC12_SALMINRE12,2019-03-01T00:00:00-03:00,532.978901029179
2019-04-01,2019,1,4,GAC12_SALMINRE12,2019-04-01T00:00:00-03:00,529.800295049821
2019-05-01,2019,1,5,GAC12_SALMINRE12,2019-05-01T00:00:00-03:00,529.007103653877
2019-06-01,2019,1,6,GAC12_SALMINRE12,2019-06-01T00:00:00-03:00,528.954638601428
2019-07-01,2019,1,7,GAC12_SALMINRE12,2019-07-01T00:00:00-03:00,528.426608509897
2019-08-01,2019,1,8,GAC12_SALMINRE12,2019-08-01T00:00:00-03:00,527.793179735578
2019-09-01,2019,1,9,GAC12_SALMINRE12,2019-09-01T00:00:00-03:00,528.057416974573
2019-10-01,2019,1,10,GAC12_SALMINRE12,2019-10-01T00:00:00-03:00,527.846400291382
2019-11-01,2019,1,11,GAC12_SALMINRE12,2019-11-01T00:00:00-03:00,525.011167636937
2019-12-01,2019,1,12,GAC12_SALMINRE12,2019-12-01T00:00:00-03:00,518.682911467569
2020-01-01,2020,1,1,GAC12_SALMINRE12,2020-01-01T00:00:00-03:00,538.967953375645
2020-02-01,2020,1,2,GAC12_SALMINRE12,2020-02-01T00:00:00-03:00,541.160633746192
2020-03-01,2020,1,3,GAC12_SALMINRE12,2020-03-01T00:00:00-03:00,540.187806416816
2020-04-01,2020,1,4,GAC12_SALMINRE12,2020-04-01T00:00:00-03:00,541.432861287168
2020-05-01,2020,1,5,GAC12_SALMINRE12,2020-05-01T00:00:00-03:00,542.790154400893
2020-06-01,2020,1,6,GAC12_SALMINRE12,2020-06-01T00:00:00-03:00,541.16657033497
2020-07-01,2020,1,7,GAC12_SALMINRE12,2020-07-01T00:00:00-03:00,538.79541774172
2020-08-01,2020,1,8,GAC12_SALMINRE12,2020-08-01T00:00:00-03:00,536.862373886917
2020-09-01,2020,1,9,GAC12_SALMINRE12,2020-09-01T00:00:00-03:00,532.231511995689
2020-10-01,2020,1,10,GAC12_SALMINRE12,2020-10-01T00:00:00-03:00,527.536902831684
2020-11-01,2020,1,11,GAC12_SALMINRE12,2020-11-01T00:00:00-03:00,522.572634181339
2020-12-01,2020,1,12,GAC12_SALMINRE12,2020-12-01T00:00:00-03:00,515.053282914187
2021-01-01,2021,1,1,GAC12_SALMINRE12,2021-01-01T00:00:00-03:00,540.701092140367
2021-02-01,2021,1,2,GAC12_SALMINRE12,2021-02-01T00:00:00-03:00,1100.0
